"","Div","Date","Team1","Team2","HomeAway","GS","GA","FTR","HTGS","HTGA","HTR","Referee","ShotsTaken","ShotsAllowed","ShotsOnTarget","ShotsOnTargetAllowed","FoulsCommited","FoulsReceived","CornerKicks","CornerKicksAllowed","YellowCards","YellowCardsOpp","RedCards","RedCardsOpp"
"1","E0","11/08/17","Arsenal","Leicester","Home",4,3,"H",2,2,"D","M Dean",27,6,10,3,9,12,9,4,0,1,0,0
"2","E0","12/08/17","Brighton","Man City","Home",0,2,"A",0,0,"D","M Oliver",6,14,2,4,6,9,3,10,0,2,0,0
"3","E0","12/08/17","Chelsea","Burnley","Home",2,3,"A",0,3,"A","C Pawson",19,10,6,5,16,11,8,5,3,3,2,0
"4","E0","12/08/17","Crystal Palace","Huddersfield","Home",0,3,"A",0,2,"A","J Moss",14,8,4,6,7,19,12,9,1,3,0,0
"5","E0","12/08/17","Everton","Stoke","Home",1,0,"H",1,0,"H","N Swarbrick",9,9,4,1,13,10,6,7,1,1,0,0
"6","E0","12/08/17","Southampton","Swansea","Home",0,0,"D",0,0,"D","M Jones",29,4,2,0,10,13,13,0,2,1,0,0
"7","E0","12/08/17","Watford","Liverpool","Home",3,3,"D",2,1,"H","A Taylor",9,14,4,5,14,8,3,3,0,3,0,0
"8","E0","12/08/17","West Brom","Bournemouth","Home",1,0,"H",1,0,"H","R Madley",16,9,6,2,15,3,8,2,3,1,0,0
"9","E0","13/08/17","Man United","West Ham","Home",4,0,"H",1,0,"H","M Atkinson",22,9,6,1,19,7,11,1,2,2,0,0
"10","E0","13/08/17","Newcastle","Tottenham","Home",0,2,"A",0,0,"D","A Marriner",6,18,3,6,6,10,5,7,1,2,1,0
"11","E0","19/08/17","Bournemouth","Watford","Home",0,2,"A",0,0,"D","R East",6,19,2,7,6,14,8,5,1,3,0,0
"12","E0","19/08/17","Burnley","West Brom","Home",0,1,"A",0,0,"D","M Atkinson",20,8,0,1,11,11,5,5,1,0,0,1
"13","E0","19/08/17","Leicester","Brighton","Home",2,0,"H",1,0,"H","L Probert",14,5,4,2,8,10,6,2,1,0,0,0
"14","E0","19/08/17","Liverpool","Crystal Palace","Home",1,0,"H",0,0,"D","K Friend",23,4,13,1,12,13,4,2,1,3,0,0
"15","E0","19/08/17","Southampton","West Ham","Home",3,2,"H",2,1,"H","L Mason",14,16,5,8,18,10,7,2,1,1,0,1
"16","E0","19/08/17","Stoke","Arsenal","Home",1,0,"H",0,0,"D","A Marriner",11,18,4,6,6,11,2,9,0,0,0,0
"17","E0","19/08/17","Swansea","Man United","Home",0,4,"A",0,1,"A","J Moss",6,17,1,8,12,11,3,5,1,1,0,0
"18","E0","20/08/17","Huddersfield","Newcastle","Home",1,0,"H",0,0,"D","C Pawson",7,13,3,5,13,10,7,3,3,4,0,0
"19","E0","20/08/17","Tottenham","Chelsea","Home",1,2,"A",0,1,"A","A Taylor",18,9,6,2,14,21,14,3,3,3,0,0
"20","E0","21/08/17","Man City","Everton","Home",1,1,"D",0,1,"A","R Madley",19,7,6,2,7,9,7,1,1,2,1,1
"21","E0","26/08/17","Bournemouth","Man City","Home",1,2,"A",1,1,"D","M Dean",9,19,3,8,13,14,2,5,5,4,0,1
"22","E0","26/08/17","Crystal Palace","Swansea","Home",0,2,"A",0,1,"A","A Marriner",16,7,3,3,9,6,1,1,4,1,0,0
"23","E0","26/08/17","Huddersfield","Southampton","Home",0,0,"D",0,0,"D","S Attwell",16,6,6,3,10,10,5,4,0,1,0,0
"24","E0","26/08/17","Man United","Leicester","Home",2,0,"H",0,0,"D","M Oliver",22,11,7,4,8,7,9,3,1,2,0,0
"25","E0","26/08/17","Newcastle","West Ham","Home",3,0,"H",1,0,"H","N Swarbrick",16,8,8,3,17,11,7,5,1,3,0,0
"26","E0","26/08/17","Watford","Brighton","Home",0,0,"D",0,0,"D","G Scott",8,16,0,2,7,18,3,11,0,1,1,0
"27","E0","27/08/17","Chelsea","Everton","Home",2,0,"H",2,0,"H","J Moss",18,7,7,0,12,7,6,3,2,2,0,0
"28","E0","27/08/17","Liverpool","Arsenal","Home",4,0,"H",2,0,"H","C Pawson",18,8,10,0,6,9,4,3,2,4,0,0
"29","E0","27/08/17","Tottenham","Burnley","Home",1,1,"D",0,0,"D","L Mason",28,13,5,3,9,9,10,7,0,0,0,0
"30","E0","27/08/17","West Brom","Stoke","Home",1,1,"D",0,0,"D","A Taylor",10,16,2,2,10,9,10,4,2,2,0,0
"31","E0","09/09/17","Arsenal","Bournemouth","Home",3,0,"H",2,0,"H","A Taylor",15,6,8,1,14,8,8,2,0,1,0,0
"32","E0","09/09/17","Brighton","West Brom","Home",3,1,"H",1,0,"H","C Kavanagh",12,12,6,3,9,4,2,6,2,0,0,0
"33","E0","09/09/17","Everton","Tottenham","Home",0,3,"A",0,2,"A","G Scott",12,15,1,6,14,14,7,3,3,1,0,0
"34","E0","09/09/17","Leicester","Chelsea","Home",1,2,"A",0,1,"A","L Mason",8,16,2,6,11,8,2,9,1,0,0,0
"35","E0","09/09/17","Man City","Liverpool","Home",5,0,"H",2,0,"H","J Moss",13,10,7,3,10,9,8,3,2,2,0,1
"36","E0","09/09/17","Southampton","Watford","Home",0,2,"A",0,1,"A","L Probert",9,12,1,3,8,11,7,4,0,0,0,0
"37","E0","09/09/17","Stoke","Man United","Home",2,2,"D",1,1,"D","N Swarbrick",10,18,5,8,10,10,5,11,0,0,0,0
"38","E0","10/09/17","Burnley","Crystal Palace","Home",1,0,"H",1,0,"H","M Oliver",4,23,2,5,7,14,3,13,1,1,0,0
"39","E0","10/09/17","Swansea","Newcastle","Home",0,1,"A",0,0,"D","M Jones",10,16,4,8,11,15,7,5,2,3,0,0
"40","E0","11/09/17","West Ham","Huddersfield","Home",2,0,"H",0,0,"D","K Friend",19,10,3,2,11,14,10,3,1,2,0,0
"41","E0","15/09/17","Bournemouth","Brighton","Home",2,1,"H",0,0,"D","C Pawson",15,9,3,2,5,12,6,4,0,0,0,0
"42","E0","16/09/17","Crystal Palace","Southampton","Home",0,1,"A",0,1,"A","R Madley",14,13,3,4,14,13,5,5,5,1,0,0
"43","E0","16/09/17","Huddersfield","Leicester","Home",1,1,"D",0,0,"D","J Moss",15,10,3,1,6,6,8,4,1,1,0,0
"44","E0","16/09/17","Liverpool","Burnley","Home",1,1,"D",1,1,"D","R East",35,5,9,4,7,9,12,2,1,2,0,0
"45","E0","16/09/17","Newcastle","Stoke","Home",2,1,"H",1,0,"H","S Attwell",14,13,3,4,13,11,7,5,3,1,0,0
"46","E0","16/09/17","Tottenham","Swansea","Home",0,0,"D",0,0,"D","M Dean",26,4,8,0,11,9,11,1,1,3,0,0
"47","E0","16/09/17","Watford","Man City","Home",0,6,"A",0,3,"A","A Taylor",7,28,1,10,8,6,3,11,2,0,0,0
"48","E0","16/09/17","West Brom","West Ham","Home",0,0,"D",0,0,"D","P Tierney",6,9,1,1,15,7,2,3,2,2,0,0
"49","E0","17/09/17","Chelsea","Arsenal","Home",0,0,"D",0,0,"D","M Oliver",13,11,4,2,11,15,5,1,1,3,1,0
"50","E0","17/09/17","Man United","Everton","Home",4,0,"H",1,0,"H","A Marriner",16,7,7,3,15,14,4,1,1,1,0,0
"51","E0","23/09/17","Burnley","Huddersfield","Home",0,0,"D",0,0,"D","C Kavanagh",5,9,3,2,9,13,3,4,3,2,0,0
"52","E0","23/09/17","Everton","Bournemouth","Home",2,1,"H",0,0,"D","M Atkinson",12,8,4,4,12,11,4,6,3,1,0,0
"53","E0","23/09/17","Leicester","Liverpool","Home",2,3,"A",1,2,"A","A Taylor",12,23,7,6,13,14,3,6,3,3,0,0
"54","E0","23/09/17","Man City","Crystal Palace","Home",5,0,"H",1,0,"H","N Swarbrick",25,5,9,0,6,7,8,2,3,1,0,0
"55","E0","23/09/17","Southampton","Man United","Home",0,1,"A",0,1,"A","C Pawson",14,9,4,4,12,9,8,4,1,4,0,0
"56","E0","23/09/17","Stoke","Chelsea","Home",0,4,"A",0,2,"A","M Dean",13,7,2,4,5,14,5,0,2,2,0,0
"57","E0","23/09/17","Swansea","Watford","Home",1,2,"A",0,1,"A","L Mason",10,8,3,4,9,16,5,4,1,3,0,0
"58","E0","23/09/17","West Ham","Tottenham","Home",2,3,"A",0,2,"A","M Oliver",10,15,4,5,10,20,4,3,4,2,0,1
"59","E0","24/09/17","Brighton","Newcastle","Home",1,0,"H",0,0,"D","A Marriner",7,17,3,5,6,8,2,8,2,1,0,0
"60","E0","25/09/17","Arsenal","West Brom","Home",2,0,"H",1,0,"H","R Madley",16,7,6,3,8,17,7,4,1,4,0,0
"61","E0","30/09/17","Bournemouth","Leicester","Home",0,0,"D",0,0,"D","G Scott",19,8,4,1,6,10,7,5,1,0,0,0
"62","E0","30/09/17","Chelsea","Man City","Home",0,1,"A",0,0,"D","M Atkinson",4,17,2,6,8,13,4,8,0,2,0,0
"63","E0","30/09/17","Huddersfield","Tottenham","Home",0,4,"A",0,3,"A","N Swarbrick",6,14,1,7,7,4,4,7,1,1,0,0
"64","E0","30/09/17","Man United","Crystal Palace","Home",4,0,"H",2,0,"H","M Dean",18,6,7,1,6,9,6,5,0,0,0,0
"65","E0","30/09/17","Stoke","Southampton","Home",2,1,"H",1,0,"H","M Jones",17,21,6,3,11,10,5,6,1,2,0,0
"66","E0","30/09/17","West Brom","Watford","Home",2,2,"D",2,1,"H","M Oliver",9,15,4,3,12,11,7,6,3,0,0,0
"67","E0","30/09/17","West Ham","Swansea","Home",1,0,"H",0,0,"D","R East",9,6,4,1,15,13,2,1,3,2,0,0
"68","E0","01/10/17","Arsenal","Brighton","Home",2,0,"H",1,0,"H","K Friend",25,9,12,1,7,8,6,5,0,2,0,0
"69","E0","01/10/17","Everton","Burnley","Home",0,1,"A",0,1,"A","J Moss",23,5,4,2,14,7,9,3,2,2,0,0
"70","E0","01/10/17","Newcastle","Liverpool","Home",1,1,"D",1,1,"D","C Pawson",8,17,5,2,11,6,1,5,1,1,0,0
"71","E0","14/10/17","Burnley","West Ham","Home",1,1,"D",0,1,"A","S Attwell",20,8,5,6,11,14,7,4,2,2,0,1
"72","E0","14/10/17","Crystal Palace","Chelsea","Home",2,1,"H",2,1,"H","A Marriner",14,15,5,5,7,6,5,8,2,1,0,0
"73","E0","14/10/17","Liverpool","Man United","Home",0,0,"D",0,0,"D","M Atkinson",19,6,5,1,7,13,7,3,0,2,0,0
"74","E0","14/10/17","Man City","Stoke","Home",7,2,"H",3,1,"H","C Pawson",20,5,11,1,5,8,5,0,0,1,0,0
"75","E0","14/10/17","Swansea","Huddersfield","Home",2,0,"H",1,0,"H","P Tierney",7,7,3,2,12,16,5,3,1,5,0,0
"76","E0","14/10/17","Tottenham","Bournemouth","Home",1,0,"H",0,0,"D","R Madley",18,5,6,1,9,7,9,5,1,3,0,0
"77","E0","14/10/17","Watford","Arsenal","Home",2,1,"H",0,1,"A","N Swarbrick",11,9,2,6,8,10,2,5,1,0,0,0
"78","E0","15/10/17","Brighton","Everton","Home",1,1,"D",0,0,"D","M Oliver",12,13,3,6,12,10,7,1,4,1,0,0
"79","E0","15/10/17","Southampton","Newcastle","Home",2,2,"D",0,1,"A","K Friend",12,19,2,5,11,12,3,8,1,2,0,0
"80","E0","16/10/17","Leicester","West Brom","Home",1,1,"D",0,0,"D","M Dean",11,5,3,1,13,6,4,1,2,2,0,0
"81","E0","20/10/17","West Ham","Brighton","Home",0,3,"A",0,2,"A","M Atkinson",16,7,2,5,5,13,10,3,1,0,0,0
"82","E0","21/10/17","Chelsea","Watford","Home",4,2,"H",1,1,"D","J Moss",14,16,8,5,13,16,6,6,2,3,0,0
"83","E0","21/10/17","Huddersfield","Man United","Home",2,1,"H",2,0,"H","L Mason",5,9,3,3,10,12,4,7,4,2,0,0
"84","E0","21/10/17","Man City","Burnley","Home",3,0,"H",1,0,"H","R East",15,6,10,0,10,6,4,5,2,3,0,0
"85","E0","21/10/17","Newcastle","Crystal Palace","Home",1,0,"H",0,0,"D","S Attwell",7,10,3,0,12,14,3,5,4,2,0,0
"86","E0","21/10/17","Southampton","West Brom","Home",1,0,"H",0,0,"D","G Scott",20,7,6,2,10,8,8,3,0,1,0,0
"87","E0","21/10/17","Stoke","Bournemouth","Home",1,2,"A",0,2,"A","L Probert",10,7,2,3,17,10,8,3,0,1,0,0
"88","E0","21/10/17","Swansea","Leicester","Home",1,2,"A",0,1,"A","M Oliver",19,11,4,6,6,9,7,6,0,1,0,0
"89","E0","22/10/17","Everton","Arsenal","Home",2,5,"A",1,1,"D","C Pawson",8,30,3,14,14,14,0,7,1,1,1,0
"90","E0","22/10/17","Tottenham","Liverpool","Home",4,1,"H",3,1,"H","A Marriner",14,12,6,7,2,8,3,5,0,1,0,0
"91","E0","28/10/17","Arsenal","Swansea","Home",2,1,"H",0,1,"A","L Mason",17,4,5,2,9,9,5,2,0,0,0,0
"92","E0","28/10/17","Bournemouth","Chelsea","Home",0,1,"A",0,0,"D","C Pawson",7,18,1,5,5,5,5,5,2,0,0,0
"93","E0","28/10/17","Crystal Palace","West Ham","Home",2,2,"D",0,2,"A","R Madley",19,6,9,2,18,15,11,2,1,2,0,0
"94","E0","28/10/17","Liverpool","Huddersfield","Home",3,0,"H",0,0,"D","K Friend",16,1,8,0,10,8,9,2,0,1,0,0
"95","E0","28/10/17","Man United","Tottenham","Home",1,0,"H",0,0,"D","J Moss",11,13,3,4,12,14,6,3,1,0,0,0
"96","E0","28/10/17","Watford","Stoke","Home",0,1,"A",0,1,"A","M Oliver",13,6,0,2,10,9,8,1,4,4,0,0
"97","E0","28/10/17","West Brom","Man City","Home",2,3,"A",1,2,"A","M Jones",6,15,4,5,10,7,1,2,2,3,0,0
"98","E0","29/10/17","Brighton","Southampton","Home",1,1,"D",0,1,"A","N Swarbrick",7,6,2,1,9,10,2,7,3,1,0,0
"99","E0","29/10/17","Leicester","Everton","Home",2,0,"H",2,0,"H","A Marriner",9,16,3,2,6,10,3,10,0,2,0,0
"100","E0","30/10/17","Burnley","Newcastle","Home",1,0,"H",0,0,"D","M Dean",12,12,5,5,9,10,5,3,3,0,0,0
"101","E0","04/11/17","Huddersfield","West Brom","Home",1,0,"H",1,0,"H","R East",7,9,3,3,8,15,3,5,1,4,1,0
"102","E0","04/11/17","Newcastle","Bournemouth","Home",0,1,"A",0,0,"D","P Tierney",16,16,4,6,11,12,11,9,2,2,0,0
"103","E0","04/11/17","Southampton","Burnley","Home",0,1,"A",0,0,"D","L Probert",13,5,3,1,4,4,9,1,0,0,0,0
"104","E0","04/11/17","Stoke","Leicester","Home",2,2,"D",1,1,"D","R Madley",11,14,7,4,12,8,4,10,0,0,0,0
"105","E0","04/11/17","Swansea","Brighton","Home",0,1,"A",0,1,"A","M Dean",12,5,2,2,13,12,8,7,2,1,0,0
"106","E0","04/11/17","West Ham","Liverpool","Home",1,4,"A",0,2,"A","N Swarbrick",6,15,1,7,9,13,2,3,3,0,0,0
"107","E0","05/11/17","Chelsea","Man United","Home",1,0,"H",0,0,"D","A Taylor",18,10,8,2,16,20,4,7,1,3,0,0
"108","E0","05/11/17","Everton","Watford","Home",3,2,"H",0,0,"D","G Scott",10,11,5,3,14,12,2,5,0,2,0,0
"109","E0","05/11/17","Man City","Arsenal","Home",3,1,"H",1,0,"H","M Oliver",9,6,5,3,15,15,5,5,1,6,0,0
"110","E0","05/11/17","Tottenham","Crystal Palace","Home",1,0,"H",0,0,"D","K Friend",12,11,2,3,6,7,10,9,0,2,0,0
"111","E0","18/11/17","Arsenal","Tottenham","Home",2,0,"H",2,0,"H","M Dean",14,14,5,4,11,16,7,4,4,1,0,0
"112","E0","18/11/17","Bournemouth","Huddersfield","Home",4,0,"H",2,0,"H","L Probert",11,20,5,3,13,10,8,11,3,2,1,0
"113","E0","18/11/17","Burnley","Swansea","Home",2,0,"H",2,0,"H","M Atkinson",16,13,7,1,12,12,8,6,1,1,0,0
"114","E0","18/11/17","Crystal Palace","Everton","Home",2,2,"D",2,2,"D","A Taylor",16,8,7,5,9,26,9,4,2,3,0,0
"115","E0","18/11/17","Leicester","Man City","Home",0,2,"A",0,1,"A","G Scott",2,12,0,4,8,10,1,7,1,1,0,0
"116","E0","18/11/17","Liverpool","Southampton","Home",3,0,"H",2,0,"H","M Jones",21,5,8,0,15,9,10,2,1,1,0,0
"117","E0","18/11/17","Man United","Newcastle","Home",4,1,"H",2,1,"H","C Pawson",16,12,7,5,10,9,11,4,1,1,0,0
"118","E0","18/11/17","West Brom","Chelsea","Home",0,4,"A",0,3,"A","J Moss",7,11,2,7,13,12,3,4,2,3,0,0
"119","E0","19/11/17","Watford","West Ham","Home",2,0,"H",1,0,"H","A Marriner",17,10,7,6,13,10,3,1,1,4,0,0
"120","E0","20/11/17","Brighton","Stoke","Home",2,2,"D",1,2,"A","L Mason",9,13,3,6,13,5,6,7,1,0,0,0
"121","E0","24/11/17","West Ham","Leicester","Home",1,1,"D",1,1,"D","M Atkinson",8,7,4,2,9,12,5,5,1,1,0,0
"122","E0","25/11/17","Crystal Palace","Stoke","Home",2,1,"H",0,0,"D","M Dean",10,9,5,3,9,5,5,2,1,1,0,0
"123","E0","25/11/17","Liverpool","Chelsea","Home",1,1,"D",0,0,"D","M Oliver",16,11,4,3,10,7,7,8,0,0,0,0
"124","E0","25/11/17","Man United","Brighton","Home",1,0,"H",0,0,"D","N Swarbrick",15,8,4,2,9,9,5,0,0,2,0,0
"125","E0","25/11/17","Newcastle","Watford","Home",0,3,"A",0,2,"A","C Kavanagh",12,12,2,4,8,13,6,3,1,2,0,0
"126","E0","25/11/17","Swansea","Bournemouth","Home",0,0,"D",0,0,"D","S Attwell",10,9,1,5,18,6,4,5,4,2,0,0
"127","E0","25/11/17","Tottenham","West Brom","Home",1,1,"D",0,1,"A","M Jones",24,5,5,2,10,13,8,0,1,4,0,0
"128","E0","26/11/17","Burnley","Arsenal","Home",0,1,"A",0,0,"D","L Mason",8,17,2,2,8,14,5,5,2,0,0,0
"129","E0","26/11/17","Huddersfield","Man City","Home",1,2,"A",1,0,"H","C Pawson",4,14,0,5,10,10,3,7,2,3,1,0
"130","E0","26/11/17","Southampton","Everton","Home",4,1,"H",1,1,"D","K Friend",17,5,5,2,6,13,7,2,0,0,0,0
"131","E0","28/11/17","Brighton","Crystal Palace","Home",0,0,"D",0,0,"D","A Marriner",10,10,4,4,13,8,10,5,2,0,0,0
"132","E0","28/11/17","Leicester","Tottenham","Home",2,1,"H",2,0,"H","A Taylor",7,18,4,6,7,10,4,9,1,2,0,0
"133","E0","28/11/17","Watford","Man United","Home",2,4,"A",0,3,"A","J Moss",12,15,3,7,12,10,5,5,2,1,0,0
"134","E0","28/11/17","West Brom","Newcastle","Home",2,2,"D",1,0,"H","L Probert",8,14,4,4,13,12,1,6,0,0,0,0
"135","E0","29/11/17","Arsenal","Huddersfield","Home",5,0,"H",1,0,"H","G Scott",21,7,7,2,10,12,7,2,0,1,0,0
"136","E0","29/11/17","Bournemouth","Burnley","Home",1,2,"A",0,1,"A","R East",10,10,2,4,9,11,4,6,0,1,0,0
"137","E0","29/11/17","Chelsea","Swansea","Home",1,0,"H",0,0,"D","N Swarbrick",21,2,10,0,10,7,15,1,1,0,0,0
"138","E0","29/11/17","Everton","West Ham","Home",4,0,"H",2,0,"H","M Oliver",8,7,5,3,16,6,2,6,2,1,0,0
"139","E0","29/11/17","Man City","Southampton","Home",2,1,"H",0,0,"D","P Tierney",26,7,12,2,12,11,6,5,1,1,0,0
"140","E0","29/11/17","Stoke","Liverpool","Home",0,3,"A",0,1,"A","M Atkinson",10,14,1,7,8,10,5,9,1,5,0,0
"141","E0","02/12/17","Arsenal","Man United","Home",1,3,"A",0,2,"A","A Marriner",33,8,15,4,11,10,12,1,3,2,0,1
"142","E0","02/12/17","Brighton","Liverpool","Home",1,5,"A",0,2,"A","G Scott",6,12,2,6,8,7,2,2,1,0,0,0
"143","E0","02/12/17","Chelsea","Newcastle","Home",3,1,"H",2,1,"H","K Friend",23,8,9,2,8,13,11,4,0,1,0,0
"144","E0","02/12/17","Everton","Huddersfield","Home",2,0,"H",0,0,"D","C Kavanagh",6,5,4,3,12,9,2,5,2,1,0,0
"145","E0","02/12/17","Leicester","Burnley","Home",1,0,"H",1,0,"H","P Tierney",16,14,3,4,3,11,10,7,0,2,0,0
"146","E0","02/12/17","Stoke","Swansea","Home",2,1,"H",2,1,"H","C Pawson",10,10,3,3,12,10,2,6,2,0,0,0
"147","E0","02/12/17","Watford","Tottenham","Home",1,1,"D",1,1,"D","M Atkinson",6,8,2,2,16,8,7,2,4,1,0,1
"148","E0","02/12/17","West Brom","Crystal Palace","Home",0,0,"D",0,0,"D","M Oliver",20,10,6,2,11,10,3,7,3,1,0,0
"149","E0","03/12/17","Bournemouth","Southampton","Home",1,1,"D",1,0,"H","J Moss",16,15,5,4,6,12,5,4,2,1,0,0
"150","E0","03/12/17","Man City","West Ham","Home",2,1,"H",0,1,"A","M Dean",24,7,8,4,5,7,10,4,2,2,0,0
"151","E0","09/12/17","Burnley","Watford","Home",1,0,"H",1,0,"H","L Probert",8,11,5,2,10,12,3,5,1,0,0,1
"152","E0","09/12/17","Crystal Palace","Bournemouth","Home",2,2,"D",2,2,"D","K Friend",24,11,8,5,14,14,6,3,5,2,0,0
"153","E0","09/12/17","Huddersfield","Brighton","Home",2,0,"H",2,0,"H","S Attwell",19,7,6,2,6,10,8,1,0,0,0,0
"154","E0","09/12/17","Newcastle","Leicester","Home",2,3,"A",1,1,"D","N Swarbrick",10,13,4,5,10,9,6,5,2,1,0,0
"155","E0","09/12/17","Swansea","West Brom","Home",1,0,"H",0,0,"D","M Dean",18,7,3,1,8,18,6,3,2,5,0,0
"156","E0","09/12/17","Tottenham","Stoke","Home",5,1,"H",1,0,"H","R East",20,4,11,3,12,9,12,6,1,0,0,0
"157","E0","09/12/17","West Ham","Chelsea","Home",1,0,"H",1,0,"H","A Taylor",5,19,2,2,10,10,4,3,6,1,0,0
"158","E0","10/12/17","Liverpool","Everton","Home",1,1,"D",1,0,"H","C Pawson",23,3,3,2,8,11,12,1,1,3,0,0
"159","E0","10/12/17","Man United","Man City","Home",1,2,"A",1,1,"D","M Oliver",8,14,5,7,16,10,2,8,4,2,0,0
"160","E0","10/12/17","Southampton","Arsenal","Home",1,1,"D",1,0,"H","R Madley",6,11,3,6,12,10,4,5,2,2,0,0
"161","E0","12/12/17","Burnley","Stoke","Home",1,0,"H",0,0,"D","M Jones",10,14,2,7,6,14,6,4,0,0,0,0
"162","E0","12/12/17","Crystal Palace","Watford","Home",2,1,"H",0,1,"A","L Mason",14,7,4,2,14,18,4,6,2,1,0,1
"163","E0","12/12/17","Huddersfield","Chelsea","Home",1,3,"A",0,2,"A","A Marriner",7,12,2,5,11,4,1,3,0,0,0,0
"164","E0","13/12/17","Liverpool","West Brom","Home",0,0,"D",0,0,"D","P Tierney",14,6,5,1,16,6,5,7,1,0,0,0
"165","E0","13/12/17","Man United","Bournemouth","Home",1,0,"H",1,0,"H","G Scott",9,14,2,7,14,12,4,9,1,2,0,0
"166","E0","13/12/17","Newcastle","Everton","Home",0,1,"A",0,1,"A","M Atkinson",16,7,4,4,10,11,4,1,1,2,1,0
"167","E0","13/12/17","Southampton","Leicester","Home",1,4,"A",0,3,"A","C Kavanagh",12,16,4,11,13,9,9,9,1,0,0,0
"168","E0","13/12/17","Swansea","Man City","Home",0,4,"A",0,2,"A","A Taylor",7,23,3,10,12,6,2,5,0,0,0,0
"169","E0","13/12/17","Tottenham","Brighton","Home",2,0,"H",1,0,"H","R Madley",25,7,8,4,5,10,10,2,1,1,0,0
"170","E0","13/12/17","West Ham","Arsenal","Home",0,0,"D",0,0,"D","J Moss",6,22,0,3,9,9,1,7,1,0,0,0
"171","E0","16/12/17","Arsenal","Newcastle","Home",1,0,"H",1,0,"H","S Attwell",23,10,5,2,13,9,7,5,2,1,0,0
"172","E0","16/12/17","Brighton","Burnley","Home",0,0,"D",0,0,"D","C Kavanagh",12,11,2,6,13,13,8,2,4,2,0,0
"173","E0","16/12/17","Chelsea","Southampton","Home",1,0,"H",1,0,"H","R East",24,6,8,2,8,16,8,4,1,3,0,0
"174","E0","16/12/17","Leicester","Crystal Palace","Home",0,3,"A",0,2,"A","M Atkinson",11,13,2,6,12,13,6,4,2,2,1,0
"175","E0","16/12/17","Man City","Tottenham","Home",4,1,"H",1,0,"H","C Pawson",20,7,11,2,13,20,5,1,2,4,0,0
"176","E0","16/12/17","Stoke","West Ham","Home",0,3,"A",0,1,"A","G Scott",17,14,0,7,12,13,7,9,2,1,0,0
"177","E0","16/12/17","Watford","Huddersfield","Home",1,4,"A",0,2,"A","M Oliver",13,15,3,9,12,17,8,7,2,1,1,1
"178","E0","17/12/17","Bournemouth","Liverpool","Home",0,4,"A",0,3,"A","A Marriner",6,21,2,7,5,10,2,3,1,1,0,0
"179","E0","17/12/17","West Brom","Man United","Home",1,2,"A",0,2,"A","A Taylor",12,8,5,3,14,7,6,3,1,3,0,0
"180","E0","18/12/17","Everton","Swansea","Home",3,1,"H",1,1,"D","J Moss",12,8,7,3,12,12,6,3,2,3,0,0
"181","E0","22/12/17","Arsenal","Liverpool","Home",3,3,"D",0,1,"A","M Atkinson",11,14,4,9,9,11,7,8,1,0,0,0
"182","E0","23/12/17","Brighton","Watford","Home",1,0,"H",0,0,"D","P Tierney",14,13,3,1,8,11,6,4,0,0,0,0
"183","E0","23/12/17","Burnley","Tottenham","Home",0,3,"A",0,1,"A","M Oliver",5,18,2,8,10,10,4,4,1,2,0,0
"184","E0","23/12/17","Everton","Chelsea","Home",0,0,"D",0,0,"D","R Madley",5,25,0,8,8,4,2,7,3,0,0,0
"185","E0","23/12/17","Leicester","Man United","Home",2,2,"D",1,1,"D","J Moss",11,19,3,6,19,8,4,6,2,2,1,0
"186","E0","23/12/17","Man City","Bournemouth","Home",4,0,"H",1,0,"H","M Jones",14,5,5,1,8,7,4,6,0,1,0,0
"187","E0","23/12/17","Southampton","Huddersfield","Home",1,1,"D",1,0,"H","L Probert",12,10,6,3,16,9,9,1,2,1,0,0
"188","E0","23/12/17","Stoke","West Brom","Home",3,1,"H",2,0,"H","N Swarbrick",9,17,5,7,9,11,1,11,1,0,0,0
"189","E0","23/12/17","Swansea","Crystal Palace","Home",1,1,"D",0,0,"D","C Pawson",7,13,2,5,13,11,6,3,2,3,0,0
"190","E0","23/12/17","West Ham","Newcastle","Home",2,3,"A",1,1,"D","L Mason",19,11,6,4,9,12,6,3,1,1,0,0
"191","E0","26/12/17","Bournemouth","West Ham","Home",3,3,"D",1,1,"D","S Attwell",26,10,10,5,12,14,7,4,3,4,0,0
"192","E0","26/12/17","Chelsea","Brighton","Home",2,0,"H",0,0,"D","M Dean",25,8,8,1,8,8,13,1,0,1,0,0
"193","E0","26/12/17","Huddersfield","Stoke","Home",1,1,"D",1,0,"H","A Taylor",18,15,8,7,9,12,8,5,2,4,0,0
"194","E0","26/12/17","Liverpool","Swansea","Home",5,0,"H",1,0,"H","K Friend",22,7,9,4,5,8,4,2,0,1,0,0
"195","E0","26/12/17","Man United","Burnley","Home",2,2,"D",0,2,"A","M Atkinson",23,3,6,2,10,14,12,2,3,7,0,0
"196","E0","26/12/17","Tottenham","Southampton","Home",5,2,"H",2,0,"H","G Scott",16,16,7,6,8,15,3,8,0,2,0,0
"197","E0","26/12/17","Watford","Leicester","Home",2,1,"H",1,1,"D","C Kavanagh",11,11,1,5,7,13,8,8,3,3,0,0
"198","E0","26/12/17","West Brom","Everton","Home",0,0,"D",0,0,"D","R East",17,7,3,3,14,13,10,2,2,0,0,0
"199","E0","27/12/17","Newcastle","Man City","Home",0,1,"A",0,1,"A","A Marriner",6,22,2,6,11,6,3,8,1,0,0,0
"200","E0","28/12/17","Crystal Palace","Arsenal","Home",2,3,"A",0,1,"A","M Oliver",16,16,2,9,12,7,5,4,0,1,0,0
"201","E0","30/12/17","Bournemouth","Everton","Home",2,1,"H",1,0,"H","L Probert",19,6,7,1,8,13,4,4,0,0,0,0
"202","E0","30/12/17","Chelsea","Stoke","Home",5,0,"H",3,0,"H","K Friend",21,1,12,1,5,10,7,0,1,1,0,0
"203","E0","30/12/17","Huddersfield","Burnley","Home",0,0,"D",0,0,"D","P Tierney",3,11,1,4,14,14,5,4,2,1,0,0
"204","E0","30/12/17","Liverpool","Leicester","Home",2,1,"H",0,1,"A","N Swarbrick",17,7,6,1,7,3,7,1,3,2,0,0
"205","E0","30/12/17","Man United","Southampton","Home",0,0,"D",0,0,"D","C Pawson",15,8,3,3,12,13,10,7,2,4,0,0
"206","E0","30/12/17","Newcastle","Brighton","Home",0,0,"D",0,0,"D","A Taylor",11,10,2,3,11,10,3,6,2,2,0,0
"207","E0","30/12/17","Watford","Swansea","Home",1,2,"A",1,0,"H","M Atkinson",9,9,4,4,14,13,1,8,4,2,0,0
"208","E0","31/12/17","Crystal Palace","Man City","Home",0,0,"D",0,0,"D","J Moss",10,15,1,4,14,11,7,8,5,4,0,0
"209","E0","31/12/17","West Brom","Arsenal","Home",1,1,"D",0,0,"D","M Dean",14,14,3,4,14,9,5,6,3,3,0,0
"210","E0","01/01/18","Brighton","Bournemouth","Home",2,2,"D",1,1,"D","M Oliver",15,26,6,8,13,9,5,12,2,1,0,0
"211","E0","01/01/18","Burnley","Liverpool","Home",1,2,"A",0,0,"D","R East",13,19,4,5,4,12,3,9,0,0,0,0
"212","E0","01/01/18","Everton","Man United","Home",0,2,"A",0,0,"D","A Marriner",12,21,0,6,11,10,6,6,2,0,0,0
"213","E0","01/01/18","Leicester","Huddersfield","Home",3,0,"H",0,0,"D","G Scott",11,6,5,1,7,9,4,1,1,1,0,0
"214","E0","01/01/18","Stoke","Newcastle","Home",0,1,"A",0,0,"D","C Kavanagh",11,14,4,6,10,11,10,5,3,1,0,0
"215","E0","02/01/18","Man City","Watford","Home",3,1,"H",2,0,"H","L Mason",17,7,7,4,8,12,9,1,1,1,0,0
"216","E0","02/01/18","Southampton","Crystal Palace","Home",1,2,"A",1,0,"H","S Attwell",10,11,3,4,8,11,4,7,0,1,0,0
"217","E0","02/01/18","Swansea","Tottenham","Home",0,2,"A",0,1,"A","R Madley",8,12,1,5,12,9,6,5,2,2,0,0
"218","E0","02/01/18","West Ham","West Brom","Home",2,1,"H",0,1,"A","M Jones",13,10,5,3,12,12,3,4,3,2,0,0
"219","E0","03/01/18","Arsenal","Chelsea","Home",2,2,"D",0,0,"D","A Taylor",14,19,6,6,11,11,10,8,3,2,0,0
"220","E0","04/01/18","Tottenham","West Ham","Home",1,1,"D",0,0,"D","M Dean",31,3,8,1,10,6,7,1,0,2,0,0
"221","E0","13/01/18","Chelsea","Leicester","Home",0,0,"D",0,0,"D","M Jones",17,14,7,1,14,13,6,3,2,2,0,1
"222","E0","13/01/18","Crystal Palace","Burnley","Home",1,0,"H",1,0,"H","M Oliver",17,8,2,2,16,10,3,2,0,3,0,0
"223","E0","13/01/18","Huddersfield","West Ham","Home",1,4,"A",1,1,"D","J Moss",8,8,2,6,7,9,7,3,1,1,0,0
"224","E0","13/01/18","Newcastle","Swansea","Home",1,1,"D",0,0,"D","G Scott",12,8,4,5,11,10,4,5,0,3,0,0
"225","E0","13/01/18","Tottenham","Everton","Home",4,0,"H",1,0,"H","C Pawson",20,7,10,0,11,15,3,3,0,2,0,0
"226","E0","13/01/18","Watford","Southampton","Home",2,2,"D",0,2,"A","R East",16,10,4,4,11,13,5,4,0,5,0,0
"227","E0","13/01/18","West Brom","Brighton","Home",2,0,"H",1,0,"H","M Atkinson",15,13,4,1,8,15,9,6,0,0,0,0
"228","E0","14/01/18","Bournemouth","Arsenal","Home",2,1,"H",0,0,"D","K Friend",13,12,5,3,8,10,4,5,2,2,0,0
"229","E0","14/01/18","Liverpool","Man City","Home",4,3,"H",1,1,"D","A Marriner",16,11,7,4,10,7,5,6,2,3,0,0
"230","E0","15/01/18","Man United","Stoke","Home",3,0,"H",2,0,"H","A Taylor",20,11,9,5,14,10,6,1,2,1,0,0
"231","E0","20/01/18","Arsenal","Crystal Palace","Home",4,1,"H",4,0,"H","C Kavanagh",16,9,10,5,6,8,5,10,0,0,0,0
"232","E0","20/01/18","Brighton","Chelsea","Home",0,4,"A",0,2,"A","J Moss",10,14,3,10,12,5,5,3,3,0,0,0
"233","E0","20/01/18","Burnley","Man United","Home",0,1,"A",0,0,"D","M Dean",13,12,2,2,7,12,5,4,3,3,0,0
"234","E0","20/01/18","Everton","West Brom","Home",1,1,"D",0,1,"A","S Attwell",9,15,4,5,15,10,0,3,2,1,0,0
"235","E0","20/01/18","Leicester","Watford","Home",2,0,"H",1,0,"H","L Probert",9,11,5,3,11,10,4,5,0,0,0,0
"236","E0","20/01/18","Man City","Newcastle","Home",3,1,"H",1,0,"H","P Tierney",21,6,9,4,5,10,18,0,0,1,0,0
"237","E0","20/01/18","Stoke","Huddersfield","Home",2,0,"H",0,0,"D","M Oliver",11,6,6,3,18,13,3,2,1,1,0,0
"238","E0","20/01/18","West Ham","Bournemouth","Home",1,1,"D",0,0,"D","M Atkinson",12,8,4,3,8,7,6,3,3,1,0,0
"239","E0","21/01/18","Southampton","Tottenham","Home",1,1,"D",1,1,"D","K Friend",10,17,4,2,8,15,2,9,2,3,0,0
"240","E0","22/01/18","Swansea","Liverpool","Home",1,0,"H",1,0,"H","N Swarbrick",3,21,2,4,5,9,3,9,0,2,0,0
"241","E0","30/01/18","Huddersfield","Liverpool","Home",0,3,"A",0,2,"A","K Friend",5,14,1,7,8,8,1,4,0,0,0,0
"242","E0","30/01/18","Swansea","Arsenal","Home",3,1,"H",1,1,"D","L Mason",12,9,4,4,4,8,4,3,0,3,0,0
"243","E0","30/01/18","West Ham","Crystal Palace","Home",1,1,"D",1,1,"D","N Swarbrick",8,9,3,3,11,15,5,3,1,3,0,0
"244","E0","31/01/18","Chelsea","Bournemouth","Home",0,3,"A",0,0,"D","L Probert",21,11,5,5,5,12,8,5,1,0,0,0
"245","E0","31/01/18","Everton","Leicester","Home",2,1,"H",2,0,"H","C Kavanagh",9,8,4,1,9,10,5,5,0,2,0,0
"246","E0","31/01/18","Man City","West Brom","Home",3,0,"H",1,0,"H","R Madley",19,3,10,1,10,10,9,1,1,3,0,0
"247","E0","31/01/18","Newcastle","Burnley","Home",1,1,"D",0,0,"D","S Hooper",14,11,4,2,15,15,7,4,1,2,0,0
"248","E0","31/01/18","Southampton","Brighton","Home",1,1,"D",0,1,"A","M Dean",18,9,3,2,8,10,7,2,3,1,0,0
"249","E0","31/01/18","Stoke","Watford","Home",0,0,"D",0,0,"D","J Moss",11,12,4,2,12,12,2,6,4,3,0,0
"250","E0","31/01/18","Tottenham","Man United","Home",2,0,"H",2,0,"H","A Marriner",22,6,6,3,10,13,6,3,2,2,0,0
"251","E0","03/02/18","Arsenal","Everton","Home",5,1,"H",4,0,"H","N Swarbrick",15,11,7,2,8,8,4,6,2,0,0,0
"252","E0","03/02/18","Bournemouth","Stoke","Home",2,1,"H",0,1,"A","P Tierney",15,13,8,4,14,19,8,1,2,3,0,0
"253","E0","03/02/18","Brighton","West Ham","Home",3,1,"H",1,1,"D","R East",21,4,5,1,11,7,4,1,3,1,0,0
"254","E0","03/02/18","Burnley","Man City","Home",1,1,"D",0,1,"A","M Atkinson",8,20,3,7,9,6,3,13,4,1,0,0
"255","E0","03/02/18","Leicester","Swansea","Home",1,1,"D",1,0,"H","A Taylor",13,3,5,1,9,8,3,3,1,0,0,0
"256","E0","03/02/18","Man United","Huddersfield","Home",2,0,"H",0,0,"D","S Attwell",16,4,7,0,5,19,5,2,2,4,0,0
"257","E0","03/02/18","West Brom","Southampton","Home",2,3,"A",1,2,"A","M Oliver",9,13,3,5,12,10,5,7,2,1,0,0
"258","E0","04/02/18","Crystal Palace","Newcastle","Home",1,1,"D",0,1,"A","A Marriner",21,11,6,8,11,8,5,6,1,1,0,0
"259","E0","04/02/18","Liverpool","Tottenham","Home",2,2,"D",1,0,"H","J Moss",9,13,3,6,15,9,3,7,3,1,0,0
"260","E0","05/02/18","Watford","Chelsea","Home",4,1,"H",1,0,"H","M Dean",21,7,8,3,11,8,6,2,2,2,0,1
"261","E0","10/02/18","Everton","Crystal Palace","Home",3,1,"H",0,0,"D","J Moss",11,16,5,4,14,15,8,7,1,1,0,0
"262","E0","10/02/18","Man City","Leicester","Home",5,1,"H",1,1,"D","M Jones",19,2,11,2,10,12,8,2,2,3,0,0
"263","E0","10/02/18","Stoke","Brighton","Home",1,1,"D",0,1,"A","R Madley",15,14,3,6,6,10,7,4,0,0,0,0
"264","E0","10/02/18","Swansea","Burnley","Home",1,0,"H",0,0,"D","A Marriner",12,13,4,1,10,9,5,2,2,1,0,0
"265","E0","10/02/18","Tottenham","Arsenal","Home",1,0,"H",0,0,"D","A Taylor",18,6,6,1,13,9,10,2,2,1,0,0
"266","E0","10/02/18","West Ham","Watford","Home",2,0,"H",1,0,"H","G Scott",8,11,4,4,11,7,8,7,1,1,0,0
"267","E0","11/02/18","Huddersfield","Bournemouth","Home",4,1,"H",2,1,"H","M Oliver",15,7,4,2,12,12,2,6,0,3,0,0
"268","E0","11/02/18","Newcastle","Man United","Home",1,0,"H",0,0,"D","C Pawson",10,13,3,6,12,15,0,10,0,2,0,0
"269","E0","11/02/18","Southampton","Liverpool","Home",0,2,"A",0,2,"A","M Atkinson",6,16,4,4,5,8,3,1,1,2,0,0
"270","E0","12/02/18","Chelsea","West Brom","Home",3,0,"H",1,0,"H","L Mason",20,8,8,1,11,11,8,7,0,2,0,0
"271","E0","24/02/18","Bournemouth","Newcastle","Home",2,2,"D",0,2,"A","R East",18,15,5,4,12,10,8,1,1,4,0,0
"272","E0","24/02/18","Brighton","Swansea","Home",4,1,"H",1,0,"H","M Dean",16,11,5,1,17,6,3,5,1,0,0,0
"273","E0","24/02/18","Burnley","Southampton","Home",1,1,"D",0,0,"D","R Madley",9,13,3,6,8,14,7,5,1,0,0,0
"274","E0","24/02/18","Leicester","Stoke","Home",1,1,"D",0,1,"A","M Oliver",19,6,9,2,10,16,13,1,1,3,0,0
"275","E0","24/02/18","Liverpool","West Ham","Home",4,1,"H",1,0,"H","S Attwell",21,7,12,4,7,7,8,2,0,2,0,0
"276","E0","24/02/18","Watford","Everton","Home",1,0,"H",0,0,"D","A Taylor",13,7,5,2,10,9,6,5,3,1,0,0
"277","E0","24/02/18","West Brom","Huddersfield","Home",1,2,"A",0,0,"D","J Moss",10,16,3,7,11,9,6,3,1,1,0,0
"278","E0","25/02/18","Crystal Palace","Tottenham","Home",0,1,"A",0,0,"D","K Friend",5,14,3,4,12,5,2,13,0,1,0,0
"279","E0","25/02/18","Man United","Chelsea","Home",2,1,"H",1,1,"D","M Atkinson",10,14,5,7,13,12,3,4,2,2,0,0
"280","E0","01/03/18","Arsenal","Man City","Home",0,3,"A",0,3,"A","A Marriner",10,9,5,5,11,11,6,1,1,1,0,0
"281","E0","03/03/18","Burnley","Everton","Home",2,1,"H",0,1,"A","C Kavanagh",21,10,8,4,9,12,10,4,1,1,0,1
"282","E0","03/03/18","Leicester","Bournemouth","Home",1,1,"D",0,1,"A","L Probert",23,8,4,3,11,7,13,1,2,1,0,0
"283","E0","03/03/18","Liverpool","Newcastle","Home",2,0,"H",1,0,"H","G Scott",14,7,3,2,7,9,8,3,0,0,0,0
"284","E0","03/03/18","Southampton","Stoke","Home",0,0,"D",0,0,"D","A Taylor",18,12,6,3,8,13,15,4,0,1,0,0
"285","E0","03/03/18","Swansea","West Ham","Home",4,1,"H",2,0,"H","M Atkinson",9,7,8,2,9,14,4,5,0,3,0,0
"286","E0","03/03/18","Tottenham","Huddersfield","Home",2,0,"H",1,0,"H","K Friend",15,3,7,3,6,8,8,1,1,1,0,0
"287","E0","03/03/18","Watford","West Brom","Home",1,0,"H",0,0,"D","P Tierney",15,9,4,2,11,12,4,6,2,0,0,0
"288","E0","04/03/18","Brighton","Arsenal","Home",2,1,"H",2,1,"H","S Attwell",13,15,6,7,13,12,6,11,3,3,0,0
"289","E0","04/03/18","Man City","Chelsea","Home",1,0,"H",0,0,"D","M Oliver",13,3,3,0,8,9,5,2,2,1,0,0
"290","E0","05/03/18","Crystal Palace","Man United","Home",2,3,"A",1,0,"H","N Swarbrick",10,17,4,8,10,8,3,7,1,3,0,0
"291","E0","10/03/18","Chelsea","Crystal Palace","Home",2,1,"H",2,0,"H","A Taylor",27,9,11,2,8,9,12,3,1,2,0,0
"292","E0","10/03/18","Everton","Brighton","Home",2,0,"H",0,0,"D","R East",13,10,3,4,10,14,10,3,0,1,0,1
"293","E0","10/03/18","Huddersfield","Swansea","Home",0,0,"D",0,0,"D","M Oliver",30,0,4,0,9,9,12,0,2,3,0,1
"294","E0","10/03/18","Man United","Liverpool","Home",2,1,"H",2,0,"H","C Pawson",5,14,2,2,10,16,1,13,2,1,0,0
"295","E0","10/03/18","Newcastle","Southampton","Home",3,0,"H",2,0,"H","A Marriner",7,6,5,2,10,10,2,6,0,2,0,0
"296","E0","10/03/18","West Brom","Leicester","Home",1,4,"A",1,1,"D","R Madley",6,14,2,6,6,7,7,6,1,3,0,0
"297","E0","10/03/18","West Ham","Burnley","Home",0,3,"A",0,0,"D","L Mason",13,7,4,4,13,7,5,1,2,2,0,0
"298","E0","11/03/18","Arsenal","Watford","Home",3,0,"H",1,0,"H","M Atkinson",11,11,7,4,12,9,4,9,2,1,0,0
"299","E0","11/03/18","Bournemouth","Tottenham","Home",1,4,"A",1,1,"D","M Dean",14,12,3,8,10,7,4,5,1,1,0,0
"300","E0","12/03/18","Stoke","Man City","Home",0,2,"A",0,1,"A","J Moss",3,17,0,6,6,8,3,10,1,0,0,0
"301","E0","17/03/18","Bournemouth","West Brom","Home",2,1,"H",0,0,"D","G Scott",17,11,5,6,6,9,3,2,1,2,0,0
"302","E0","17/03/18","Huddersfield","Crystal Palace","Home",0,2,"A",0,1,"A","M Dean",6,17,2,6,11,12,4,7,3,2,0,0
"303","E0","17/03/18","Liverpool","Watford","Home",5,0,"H",2,0,"H","A Taylor",13,4,10,1,5,4,6,1,1,0,0,0
"304","E0","17/03/18","Stoke","Everton","Home",1,2,"A",0,0,"D","M Atkinson",9,17,4,9,13,12,1,9,1,1,1,0
"305","E0","31/03/18","Brighton","Leicester","Home",0,2,"A",0,0,"D","C Kavanagh",15,6,3,4,11,13,6,1,2,4,0,1
"306","E0","31/03/18","Crystal Palace","Liverpool","Home",1,2,"A",1,0,"H","N Swarbrick",6,16,3,6,6,8,4,6,2,2,0,0
"307","E0","31/03/18","Everton","Man City","Home",1,3,"A",0,3,"A","P Tierney",6,18,2,4,10,8,2,11,0,0,0,0
"308","E0","31/03/18","Man United","Swansea","Home",2,0,"H",2,0,"H","R Madley",11,3,5,2,5,13,3,3,0,0,0,0
"309","E0","31/03/18","Newcastle","Huddersfield","Home",1,0,"H",0,0,"D","M Atkinson",18,4,3,0,9,10,3,3,1,4,0,0
"310","E0","31/03/18","Watford","Bournemouth","Home",2,2,"D",1,1,"D","A Marriner",16,13,5,6,16,6,7,4,4,0,0,0
"311","E0","31/03/18","West Brom","Burnley","Home",1,2,"A",0,1,"A","L Probert",8,11,3,4,12,9,1,6,1,3,0,0
"312","E0","31/03/18","West Ham","Southampton","Home",3,0,"H",3,0,"H","J Moss",13,9,5,0,9,16,5,9,0,3,0,0
"313","E0","01/04/18","Arsenal","Stoke","Home",3,0,"H",0,0,"D","C Pawson",24,8,11,2,9,13,6,5,1,2,0,0
"314","E0","01/04/18","Chelsea","Tottenham","Home",1,3,"A",1,1,"D","A Marriner",14,12,4,7,4,11,5,5,0,1,0,0
"315","E0","07/04/18","Bournemouth","Crystal Palace","Home",2,2,"D",0,0,"D","J Moss",20,13,5,6,8,9,11,3,2,2,0,0
"316","E0","07/04/18","Brighton","Huddersfield","Home",1,1,"D",1,1,"D","A Taylor",13,14,4,5,13,7,5,3,1,0,1,0
"317","E0","07/04/18","Everton","Liverpool","Home",0,0,"D",0,0,"D","M Oliver",6,10,1,3,12,7,3,2,0,0,0,0
"318","E0","07/04/18","Leicester","Newcastle","Home",1,2,"A",0,1,"A","S Attwell",8,8,1,4,7,14,7,5,1,3,0,0
"319","E0","07/04/18","Man City","Man United","Home",2,3,"A",2,0,"H","M Atkinson",20,5,6,4,17,9,8,4,6,3,0,0
"320","E0","07/04/18","Stoke","Tottenham","Home",1,2,"A",0,0,"D","G Scott",10,15,4,4,19,8,6,3,4,3,0,0
"321","E0","07/04/18","Watford","Burnley","Home",1,2,"A",0,0,"D","P Tierney",14,7,5,4,18,12,11,1,2,2,0,0
"322","E0","07/04/18","West Brom","Swansea","Home",1,1,"D",0,0,"D","R East",15,7,3,1,15,5,5,1,3,2,0,0
"323","E0","08/04/18","Arsenal","Southampton","Home",3,2,"H",2,1,"H","A Marriner",13,15,7,8,11,7,8,6,2,1,1,1
"324","E0","08/04/18","Chelsea","West Ham","Home",1,1,"D",1,0,"H","K Friend",23,5,6,2,7,11,10,6,0,1,0,0
"325","E0","14/04/18","Burnley","Leicester","Home",2,1,"H",2,0,"H","M Atkinson",8,15,3,6,9,10,4,8,2,1,0,0
"326","E0","14/04/18","Crystal Palace","Brighton","Home",3,2,"H",3,2,"H","A Marriner",15,12,8,3,12,16,5,6,3,2,0,0
"327","E0","14/04/18","Huddersfield","Watford","Home",1,0,"H",0,0,"D","C Pawson",9,4,1,2,9,8,9,6,2,2,0,0
"328","E0","14/04/18","Liverpool","Bournemouth","Home",3,0,"H",1,0,"H","C Kavanagh",20,6,7,1,9,9,7,5,1,1,0,0
"329","E0","14/04/18","Southampton","Chelsea","Home",2,3,"A",1,0,"H","M Dean",10,17,7,5,13,14,4,7,5,3,0,0
"330","E0","14/04/18","Swansea","Everton","Home",1,1,"D",0,1,"A","L Mason",17,12,7,3,10,11,6,3,1,1,0,0
"331","E0","14/04/18","Tottenham","Man City","Home",1,3,"A",1,2,"A","J Moss",8,17,3,6,11,12,5,7,3,4,0,0
"332","E0","15/04/18","Man United","West Brom","Home",0,1,"A",0,0,"D","P Tierney",14,10,4,4,8,13,4,4,1,1,0,0
"333","E0","15/04/18","Newcastle","Arsenal","Home",2,1,"H",1,1,"D","A Taylor",8,15,4,3,11,9,2,5,1,0,0,0
"334","E0","16/04/18","West Ham","Stoke","Home",1,1,"D",0,0,"D","M Oliver",18,11,6,7,15,21,10,1,2,3,0,0
"335","E0","17/04/18","Brighton","Tottenham","Home",1,1,"D",0,0,"D","K Friend",8,16,5,6,6,5,3,4,1,0,0,0
"336","E0","18/04/18","Bournemouth","Man United","Home",0,2,"A",0,1,"A","G Scott",13,13,2,4,9,8,8,5,3,1,0,0
"337","E0","19/04/18","Burnley","Chelsea","Home",1,2,"A",0,1,"A","R Madley",5,16,2,5,9,11,3,2,1,0,0,0
"338","E0","19/04/18","Leicester","Southampton","Home",0,0,"D",0,0,"D","R East",11,6,3,2,10,10,11,3,0,0,0,0
"339","E0","21/04/18","Watford","Crystal Palace","Home",0,0,"D",0,0,"D","C Kavanagh",14,6,4,1,17,13,4,3,3,5,0,0
"340","E0","21/04/18","West Brom","Liverpool","Home",2,2,"D",0,1,"A","S Attwell",13,9,6,3,12,5,7,4,0,1,0,0
"341","E0","22/04/18","Arsenal","West Ham","Home",4,1,"H",0,0,"D","L Mason",20,11,8,4,11,9,8,6,3,2,0,0
"342","E0","22/04/18","Man City","Swansea","Home",5,0,"H",2,0,"H","C Pawson",19,4,12,1,6,8,5,1,0,1,0,0
"343","E0","22/04/18","Stoke","Burnley","Home",1,1,"D",1,0,"H","M Dean",8,16,3,7,15,5,3,8,2,1,0,0
"344","E0","23/04/18","Everton","Newcastle","Home",1,0,"H",0,0,"D","R Madley",9,9,1,2,10,11,4,6,2,1,0,0
"345","E0","28/04/18","Burnley","Brighton","Home",0,0,"D",0,0,"D","R East",10,9,4,1,5,17,3,4,0,2,0,0
"346","E0","28/04/18","Crystal Palace","Leicester","Home",5,0,"H",2,0,"H","M Dean",15,6,9,1,11,9,8,2,1,1,0,1
"347","E0","28/04/18","Huddersfield","Everton","Home",0,2,"A",0,1,"A","L Probert",9,7,2,5,9,8,4,3,1,0,0,0
"348","E0","28/04/18","Liverpool","Stoke","Home",0,0,"D",0,0,"D","A Marriner",20,5,2,1,7,14,9,2,1,2,0,0
"349","E0","28/04/18","Newcastle","West Brom","Home",0,1,"A",0,1,"A","D Coote",17,9,2,2,8,13,5,1,1,3,0,0
"350","E0","28/04/18","Southampton","Bournemouth","Home",2,1,"H",1,1,"D","A Taylor",14,14,6,7,12,11,5,8,5,1,0,0
"351","E0","28/04/18","Swansea","Chelsea","Home",0,1,"A",0,1,"A","J Moss",10,11,3,3,13,9,1,2,1,1,0,0
"352","E0","29/04/18","Man United","Arsenal","Home",2,1,"H",1,0,"H","K Friend",17,8,3,3,12,7,9,0,0,1,0,0
"353","E0","29/04/18","West Ham","Man City","Home",1,4,"A",1,2,"A","N Swarbrick",4,19,1,7,5,11,0,7,0,1,0,0
"354","E0","30/04/18","Tottenham","Watford","Home",2,0,"H",1,0,"H","M Oliver",13,13,3,5,11,10,4,0,1,0,0,0
"355","E0","04/05/18","Brighton","Man United","Home",1,0,"H",0,0,"D","C Pawson",11,16,4,3,5,3,5,6,2,0,0,0
"356","E0","05/05/18","Bournemouth","Swansea","Home",1,0,"H",1,0,"H","K Friend",13,12,5,3,10,10,11,6,1,4,0,0
"357","E0","05/05/18","Everton","Southampton","Home",1,1,"D",0,0,"D","J Moss",9,11,3,5,14,12,3,4,2,4,0,1
"358","E0","05/05/18","Leicester","West Ham","Home",0,2,"A",0,1,"A","C Kavanagh",13,13,2,3,8,9,8,3,1,2,0,0
"359","E0","05/05/18","Stoke","Crystal Palace","Home",1,2,"A",1,0,"H","M Atkinson",7,13,2,2,18,12,1,7,5,2,0,0
"360","E0","05/05/18","Watford","Newcastle","Home",2,1,"H",2,0,"H","R East",11,9,8,1,9,11,2,5,2,1,0,0
"361","E0","05/05/18","West Brom","Tottenham","Home",1,0,"H",0,0,"D","M Jones",9,18,1,5,13,12,5,9,4,1,0,0
"362","E0","06/05/18","Arsenal","Burnley","Home",5,0,"H",2,0,"H","A Marriner",16,6,8,2,6,7,4,5,0,1,0,0
"363","E0","06/05/18","Chelsea","Liverpool","Home",1,0,"H",1,0,"H","A Taylor",12,10,4,5,12,9,3,1,3,2,0,0
"364","E0","06/05/18","Man City","Huddersfield","Home",0,0,"D",0,0,"D","M Dean",15,5,2,3,9,4,10,1,0,3,0,0
"365","E0","08/05/18","Swansea","Southampton","Home",0,1,"A",0,0,"D","M Oliver",11,13,3,8,7,15,7,6,2,1,0,0
"366","E0","09/05/18","Chelsea","Huddersfield","Home",1,1,"D",0,0,"D","L Mason",22,3,5,2,7,10,9,0,0,1,0,0
"367","E0","09/05/18","Leicester","Arsenal","Home",3,1,"H",1,0,"H","G Scott",19,14,10,7,7,12,6,6,2,2,0,1
"368","E0","09/05/18","Man City","Brighton","Home",3,1,"H",2,1,"H","P Tierney",19,6,7,3,5,7,4,3,0,1,0,0
"369","E0","09/05/18","Tottenham","Newcastle","Home",1,0,"H",0,0,"D","N Swarbrick",11,14,7,3,10,8,6,4,2,3,0,0
"370","E0","10/05/18","West Ham","Man United","Home",0,0,"D",0,0,"D","J Moss",9,16,2,6,12,12,1,6,1,1,0,0
"371","E0","13/05/18","Burnley","Bournemouth","Home",1,2,"A",1,0,"H","P Tierney",12,16,4,5,14,9,7,8,0,0,0,0
"372","E0","13/05/18","Crystal Palace","West Brom","Home",2,0,"H",0,0,"D","J Moss",11,7,5,1,10,11,4,2,2,3,0,0
"373","E0","13/05/18","Huddersfield","Arsenal","Home",0,1,"A",0,1,"A","M Oliver",18,9,3,4,11,7,7,4,1,0,0,0
"374","E0","13/05/18","Liverpool","Brighton","Home",4,0,"H",2,0,"H","K Friend",22,2,11,1,3,6,7,3,0,0,0,0
"375","E0","13/05/18","Man United","Watford","Home",1,0,"H",1,0,"H","L Mason",7,7,1,3,6,11,6,5,4,0,0,0
"376","E0","13/05/18","Newcastle","Chelsea","Home",3,0,"H",1,0,"H","M Atkinson",16,6,6,2,11,10,4,2,0,1,0,0
"377","E0","13/05/18","Southampton","Man City","Home",0,1,"A",0,0,"D","A Marriner",8,13,3,2,8,10,1,12,3,1,0,0
"378","E0","13/05/18","Swansea","Stoke","Home",1,2,"A",1,2,"A","A Taylor",26,8,11,5,12,9,6,0,1,2,0,0
"379","E0","13/05/18","Tottenham","Leicester","Home",5,4,"H",1,2,"A","C Pawson",14,16,6,9,9,13,4,4,1,2,0,0
"380","E0","13/05/18","West Ham","Everton","Home",3,1,"H",1,0,"H","G Scott",15,14,4,7,10,13,6,6,0,1,0,0
"381","E0","11/08/17","Leicester","Arsenal","Away",3,4,"H",2,2,"D","M Dean",6,27,3,10,12,9,4,9,1,0,0,0
"382","E0","12/08/17","Man City","Brighton","Away",2,0,"A",0,0,"D","M Oliver",14,6,4,2,9,6,10,3,2,0,0,0
"383","E0","12/08/17","Burnley","Chelsea","Away",3,2,"A",3,0,"A","C Pawson",10,19,5,6,11,16,5,8,3,3,0,2
"384","E0","12/08/17","Huddersfield","Crystal Palace","Away",3,0,"A",2,0,"A","J Moss",8,14,6,4,19,7,9,12,3,1,0,0
"385","E0","12/08/17","Stoke","Everton","Away",0,1,"H",0,1,"H","N Swarbrick",9,9,1,4,10,13,7,6,1,1,0,0
"386","E0","12/08/17","Swansea","Southampton","Away",0,0,"D",0,0,"D","M Jones",4,29,0,2,13,10,0,13,1,2,0,0
"387","E0","12/08/17","Liverpool","Watford","Away",3,3,"D",1,2,"H","A Taylor",14,9,5,4,8,14,3,3,3,0,0,0
"388","E0","12/08/17","Bournemouth","West Brom","Away",0,1,"H",0,1,"H","R Madley",9,16,2,6,3,15,2,8,1,3,0,0
"389","E0","13/08/17","West Ham","Man United","Away",0,4,"H",0,1,"H","M Atkinson",9,22,1,6,7,19,1,11,2,2,0,0
"390","E0","13/08/17","Tottenham","Newcastle","Away",2,0,"A",0,0,"D","A Marriner",18,6,6,3,10,6,7,5,2,1,0,1
"391","E0","19/08/17","Watford","Bournemouth","Away",2,0,"A",0,0,"D","R East",19,6,7,2,14,6,5,8,3,1,0,0
"392","E0","19/08/17","West Brom","Burnley","Away",1,0,"A",0,0,"D","M Atkinson",8,20,1,0,11,11,5,5,0,1,1,0
"393","E0","19/08/17","Brighton","Leicester","Away",0,2,"H",0,1,"H","L Probert",5,14,2,4,10,8,2,6,0,1,0,0
"394","E0","19/08/17","Crystal Palace","Liverpool","Away",0,1,"H",0,0,"D","K Friend",4,23,1,13,13,12,2,4,3,1,0,0
"395","E0","19/08/17","West Ham","Southampton","Away",2,3,"H",1,2,"H","L Mason",16,14,8,5,10,18,2,7,1,1,1,0
"396","E0","19/08/17","Arsenal","Stoke","Away",0,1,"H",0,0,"D","A Marriner",18,11,6,4,11,6,9,2,0,0,0,0
"397","E0","19/08/17","Man United","Swansea","Away",4,0,"A",1,0,"A","J Moss",17,6,8,1,11,12,5,3,1,1,0,0
"398","E0","20/08/17","Newcastle","Huddersfield","Away",0,1,"H",0,0,"D","C Pawson",13,7,5,3,10,13,3,7,4,3,0,0
"399","E0","20/08/17","Chelsea","Tottenham","Away",2,1,"A",1,0,"A","A Taylor",9,18,2,6,21,14,3,14,3,3,0,0
"400","E0","21/08/17","Everton","Man City","Away",1,1,"D",1,0,"A","R Madley",7,19,2,6,9,7,1,7,2,1,1,1
"401","E0","26/08/17","Man City","Bournemouth","Away",2,1,"A",1,1,"D","M Dean",19,9,8,3,14,13,5,2,4,5,1,0
"402","E0","26/08/17","Swansea","Crystal Palace","Away",2,0,"A",1,0,"A","A Marriner",7,16,3,3,6,9,1,1,1,4,0,0
"403","E0","26/08/17","Southampton","Huddersfield","Away",0,0,"D",0,0,"D","S Attwell",6,16,3,6,10,10,4,5,1,0,0,0
"404","E0","26/08/17","Leicester","Man United","Away",0,2,"H",0,0,"D","M Oliver",11,22,4,7,7,8,3,9,2,1,0,0
"405","E0","26/08/17","West Ham","Newcastle","Away",0,3,"H",0,1,"H","N Swarbrick",8,16,3,8,11,17,5,7,3,1,0,0
"406","E0","26/08/17","Brighton","Watford","Away",0,0,"D",0,0,"D","G Scott",16,8,2,0,18,7,11,3,1,0,0,1
"407","E0","27/08/17","Everton","Chelsea","Away",0,2,"H",0,2,"H","J Moss",7,18,0,7,7,12,3,6,2,2,0,0
"408","E0","27/08/17","Arsenal","Liverpool","Away",0,4,"H",0,2,"H","C Pawson",8,18,0,10,9,6,3,4,4,2,0,0
"409","E0","27/08/17","Burnley","Tottenham","Away",1,1,"D",0,0,"D","L Mason",13,28,3,5,9,9,7,10,0,0,0,0
"410","E0","27/08/17","Stoke","West Brom","Away",1,1,"D",0,0,"D","A Taylor",16,10,2,2,9,10,4,10,2,2,0,0
"411","E0","09/09/17","Bournemouth","Arsenal","Away",0,3,"H",0,2,"H","A Taylor",6,15,1,8,8,14,2,8,1,0,0,0
"412","E0","09/09/17","West Brom","Brighton","Away",1,3,"H",0,1,"H","C Kavanagh",12,12,3,6,4,9,6,2,0,2,0,0
"413","E0","09/09/17","Tottenham","Everton","Away",3,0,"A",2,0,"A","G Scott",15,12,6,1,14,14,3,7,1,3,0,0
"414","E0","09/09/17","Chelsea","Leicester","Away",2,1,"A",1,0,"A","L Mason",16,8,6,2,8,11,9,2,0,1,0,0
"415","E0","09/09/17","Liverpool","Man City","Away",0,5,"H",0,2,"H","J Moss",10,13,3,7,9,10,3,8,2,2,1,0
"416","E0","09/09/17","Watford","Southampton","Away",2,0,"A",1,0,"A","L Probert",12,9,3,1,11,8,4,7,0,0,0,0
"417","E0","09/09/17","Man United","Stoke","Away",2,2,"D",1,1,"D","N Swarbrick",18,10,8,5,10,10,11,5,0,0,0,0
"418","E0","10/09/17","Crystal Palace","Burnley","Away",0,1,"H",0,1,"H","M Oliver",23,4,5,2,14,7,13,3,1,1,0,0
"419","E0","10/09/17","Newcastle","Swansea","Away",1,0,"A",0,0,"D","M Jones",16,10,8,4,15,11,5,7,3,2,0,0
"420","E0","11/09/17","Huddersfield","West Ham","Away",0,2,"H",0,0,"D","K Friend",10,19,2,3,14,11,3,10,2,1,0,0
"421","E0","15/09/17","Brighton","Bournemouth","Away",1,2,"H",0,0,"D","C Pawson",9,15,2,3,12,5,4,6,0,0,0,0
"422","E0","16/09/17","Southampton","Crystal Palace","Away",1,0,"A",1,0,"A","R Madley",13,14,4,3,13,14,5,5,1,5,0,0
"423","E0","16/09/17","Leicester","Huddersfield","Away",1,1,"D",0,0,"D","J Moss",10,15,1,3,6,6,4,8,1,1,0,0
"424","E0","16/09/17","Burnley","Liverpool","Away",1,1,"D",1,1,"D","R East",5,35,4,9,9,7,2,12,2,1,0,0
"425","E0","16/09/17","Stoke","Newcastle","Away",1,2,"H",0,1,"H","S Attwell",13,14,4,3,11,13,5,7,1,3,0,0
"426","E0","16/09/17","Swansea","Tottenham","Away",0,0,"D",0,0,"D","M Dean",4,26,0,8,9,11,1,11,3,1,0,0
"427","E0","16/09/17","Man City","Watford","Away",6,0,"A",3,0,"A","A Taylor",28,7,10,1,6,8,11,3,0,2,0,0
"428","E0","16/09/17","West Ham","West Brom","Away",0,0,"D",0,0,"D","P Tierney",9,6,1,1,7,15,3,2,2,2,0,0
"429","E0","17/09/17","Arsenal","Chelsea","Away",0,0,"D",0,0,"D","M Oliver",11,13,2,4,15,11,1,5,3,1,0,1
"430","E0","17/09/17","Everton","Man United","Away",0,4,"H",0,1,"H","A Marriner",7,16,3,7,14,15,1,4,1,1,0,0
"431","E0","23/09/17","Huddersfield","Burnley","Away",0,0,"D",0,0,"D","C Kavanagh",9,5,2,3,13,9,4,3,2,3,0,0
"432","E0","23/09/17","Bournemouth","Everton","Away",1,2,"H",0,0,"D","M Atkinson",8,12,4,4,11,12,6,4,1,3,0,0
"433","E0","23/09/17","Liverpool","Leicester","Away",3,2,"A",2,1,"A","A Taylor",23,12,6,7,14,13,6,3,3,3,0,0
"434","E0","23/09/17","Crystal Palace","Man City","Away",0,5,"H",0,1,"H","N Swarbrick",5,25,0,9,7,6,2,8,1,3,0,0
"435","E0","23/09/17","Man United","Southampton","Away",1,0,"A",1,0,"A","C Pawson",9,14,4,4,9,12,4,8,4,1,0,0
"436","E0","23/09/17","Chelsea","Stoke","Away",4,0,"A",2,0,"A","M Dean",7,13,4,2,14,5,0,5,2,2,0,0
"437","E0","23/09/17","Watford","Swansea","Away",2,1,"A",1,0,"A","L Mason",8,10,4,3,16,9,4,5,3,1,0,0
"438","E0","23/09/17","Tottenham","West Ham","Away",3,2,"A",2,0,"A","M Oliver",15,10,5,4,20,10,3,4,2,4,1,0
"439","E0","24/09/17","Newcastle","Brighton","Away",0,1,"H",0,0,"D","A Marriner",17,7,5,3,8,6,8,2,1,2,0,0
"440","E0","25/09/17","West Brom","Arsenal","Away",0,2,"H",0,1,"H","R Madley",7,16,3,6,17,8,4,7,4,1,0,0
"441","E0","30/09/17","Leicester","Bournemouth","Away",0,0,"D",0,0,"D","G Scott",8,19,1,4,10,6,5,7,0,1,0,0
"442","E0","30/09/17","Man City","Chelsea","Away",1,0,"A",0,0,"D","M Atkinson",17,4,6,2,13,8,8,4,2,0,0,0
"443","E0","30/09/17","Tottenham","Huddersfield","Away",4,0,"A",3,0,"A","N Swarbrick",14,6,7,1,4,7,7,4,1,1,0,0
"444","E0","30/09/17","Crystal Palace","Man United","Away",0,4,"H",0,2,"H","M Dean",6,18,1,7,9,6,5,6,0,0,0,0
"445","E0","30/09/17","Southampton","Stoke","Away",1,2,"H",0,1,"H","M Jones",21,17,3,6,10,11,6,5,2,1,0,0
"446","E0","30/09/17","Watford","West Brom","Away",2,2,"D",1,2,"H","M Oliver",15,9,3,4,11,12,6,7,0,3,0,0
"447","E0","30/09/17","Swansea","West Ham","Away",0,1,"H",0,0,"D","R East",6,9,1,4,13,15,1,2,2,3,0,0
"448","E0","01/10/17","Brighton","Arsenal","Away",0,2,"H",0,1,"H","K Friend",9,25,1,12,8,7,5,6,2,0,0,0
"449","E0","01/10/17","Burnley","Everton","Away",1,0,"A",1,0,"A","J Moss",5,23,2,4,7,14,3,9,2,2,0,0
"450","E0","01/10/17","Liverpool","Newcastle","Away",1,1,"D",1,1,"D","C Pawson",17,8,2,5,6,11,5,1,1,1,0,0
"451","E0","14/10/17","West Ham","Burnley","Away",1,1,"D",1,0,"A","S Attwell",8,20,6,5,14,11,4,7,2,2,1,0
"452","E0","14/10/17","Chelsea","Crystal Palace","Away",1,2,"H",1,2,"H","A Marriner",15,14,5,5,6,7,8,5,1,2,0,0
"453","E0","14/10/17","Man United","Liverpool","Away",0,0,"D",0,0,"D","M Atkinson",6,19,1,5,13,7,3,7,2,0,0,0
"454","E0","14/10/17","Stoke","Man City","Away",2,7,"H",1,3,"H","C Pawson",5,20,1,11,8,5,0,5,1,0,0,0
"455","E0","14/10/17","Huddersfield","Swansea","Away",0,2,"H",0,1,"H","P Tierney",7,7,2,3,16,12,3,5,5,1,0,0
"456","E0","14/10/17","Bournemouth","Tottenham","Away",0,1,"H",0,0,"D","R Madley",5,18,1,6,7,9,5,9,3,1,0,0
"457","E0","14/10/17","Arsenal","Watford","Away",1,2,"H",1,0,"A","N Swarbrick",9,11,6,2,10,8,5,2,0,1,0,0
"458","E0","15/10/17","Everton","Brighton","Away",1,1,"D",0,0,"D","M Oliver",13,12,6,3,10,12,1,7,1,4,0,0
"459","E0","15/10/17","Newcastle","Southampton","Away",2,2,"D",1,0,"A","K Friend",19,12,5,2,12,11,8,3,2,1,0,0
"460","E0","16/10/17","West Brom","Leicester","Away",1,1,"D",0,0,"D","M Dean",5,11,1,3,6,13,1,4,2,2,0,0
"461","E0","20/10/17","Brighton","West Ham","Away",3,0,"A",2,0,"A","M Atkinson",7,16,5,2,13,5,3,10,0,1,0,0
"462","E0","21/10/17","Watford","Chelsea","Away",2,4,"H",1,1,"D","J Moss",16,14,5,8,16,13,6,6,3,2,0,0
"463","E0","21/10/17","Man United","Huddersfield","Away",1,2,"H",0,2,"H","L Mason",9,5,3,3,12,10,7,4,2,4,0,0
"464","E0","21/10/17","Burnley","Man City","Away",0,3,"H",0,1,"H","R East",6,15,0,10,6,10,5,4,3,2,0,0
"465","E0","21/10/17","Crystal Palace","Newcastle","Away",0,1,"H",0,0,"D","S Attwell",10,7,0,3,14,12,5,3,2,4,0,0
"466","E0","21/10/17","West Brom","Southampton","Away",0,1,"H",0,0,"D","G Scott",7,20,2,6,8,10,3,8,1,0,0,0
"467","E0","21/10/17","Bournemouth","Stoke","Away",2,1,"A",2,0,"A","L Probert",7,10,3,2,10,17,3,8,1,0,0,0
"468","E0","21/10/17","Leicester","Swansea","Away",2,1,"A",1,0,"A","M Oliver",11,19,6,4,9,6,6,7,1,0,0,0
"469","E0","22/10/17","Arsenal","Everton","Away",5,2,"A",1,1,"D","C Pawson",30,8,14,3,14,14,7,0,1,1,0,1
"470","E0","22/10/17","Liverpool","Tottenham","Away",1,4,"H",1,3,"H","A Marriner",12,14,7,6,8,2,5,3,1,0,0,0
"471","E0","28/10/17","Swansea","Arsenal","Away",1,2,"H",1,0,"A","L Mason",4,17,2,5,9,9,2,5,0,0,0,0
"472","E0","28/10/17","Chelsea","Bournemouth","Away",1,0,"A",0,0,"D","C Pawson",18,7,5,1,5,5,5,5,0,2,0,0
"473","E0","28/10/17","West Ham","Crystal Palace","Away",2,2,"D",2,0,"A","R Madley",6,19,2,9,15,18,2,11,2,1,0,0
"474","E0","28/10/17","Huddersfield","Liverpool","Away",0,3,"H",0,0,"D","K Friend",1,16,0,8,8,10,2,9,1,0,0,0
"475","E0","28/10/17","Tottenham","Man United","Away",0,1,"H",0,0,"D","J Moss",13,11,4,3,14,12,3,6,0,1,0,0
"476","E0","28/10/17","Stoke","Watford","Away",1,0,"A",1,0,"A","M Oliver",6,13,2,0,9,10,1,8,4,4,0,0
"477","E0","28/10/17","Man City","West Brom","Away",3,2,"A",2,1,"A","M Jones",15,6,5,4,7,10,2,1,3,2,0,0
"478","E0","29/10/17","Southampton","Brighton","Away",1,1,"D",1,0,"A","N Swarbrick",6,7,1,2,10,9,7,2,1,3,0,0
"479","E0","29/10/17","Everton","Leicester","Away",0,2,"H",0,2,"H","A Marriner",16,9,2,3,10,6,10,3,2,0,0,0
"480","E0","30/10/17","Newcastle","Burnley","Away",0,1,"H",0,0,"D","M Dean",12,12,5,5,10,9,3,5,0,3,0,0
"481","E0","04/11/17","West Brom","Huddersfield","Away",0,1,"H",0,1,"H","R East",9,7,3,3,15,8,5,3,4,1,0,1
"482","E0","04/11/17","Bournemouth","Newcastle","Away",1,0,"A",0,0,"D","P Tierney",16,16,6,4,12,11,9,11,2,2,0,0
"483","E0","04/11/17","Burnley","Southampton","Away",1,0,"A",0,0,"D","L Probert",5,13,1,3,4,4,1,9,0,0,0,0
"484","E0","04/11/17","Leicester","Stoke","Away",2,2,"D",1,1,"D","R Madley",14,11,4,7,8,12,10,4,0,0,0,0
"485","E0","04/11/17","Brighton","Swansea","Away",1,0,"A",1,0,"A","M Dean",5,12,2,2,12,13,7,8,1,2,0,0
"486","E0","04/11/17","Liverpool","West Ham","Away",4,1,"A",2,0,"A","N Swarbrick",15,6,7,1,13,9,3,2,0,3,0,0
"487","E0","05/11/17","Man United","Chelsea","Away",0,1,"H",0,0,"D","A Taylor",10,18,2,8,20,16,7,4,3,1,0,0
"488","E0","05/11/17","Watford","Everton","Away",2,3,"H",0,0,"D","G Scott",11,10,3,5,12,14,5,2,2,0,0,0
"489","E0","05/11/17","Arsenal","Man City","Away",1,3,"H",0,1,"H","M Oliver",6,9,3,5,15,15,5,5,6,1,0,0
"490","E0","05/11/17","Crystal Palace","Tottenham","Away",0,1,"H",0,0,"D","K Friend",11,12,3,2,7,6,9,10,2,0,0,0
"491","E0","18/11/17","Tottenham","Arsenal","Away",0,2,"H",0,2,"H","M Dean",14,14,4,5,16,11,4,7,1,4,0,0
"492","E0","18/11/17","Huddersfield","Bournemouth","Away",0,4,"H",0,2,"H","L Probert",20,11,3,5,10,13,11,8,2,3,0,1
"493","E0","18/11/17","Swansea","Burnley","Away",0,2,"H",0,2,"H","M Atkinson",13,16,1,7,12,12,6,8,1,1,0,0
"494","E0","18/11/17","Everton","Crystal Palace","Away",2,2,"D",2,2,"D","A Taylor",8,16,5,7,26,9,4,9,3,2,0,0
"495","E0","18/11/17","Man City","Leicester","Away",2,0,"A",1,0,"A","G Scott",12,2,4,0,10,8,7,1,1,1,0,0
"496","E0","18/11/17","Southampton","Liverpool","Away",0,3,"H",0,2,"H","M Jones",5,21,0,8,9,15,2,10,1,1,0,0
"497","E0","18/11/17","Newcastle","Man United","Away",1,4,"H",1,2,"H","C Pawson",12,16,5,7,9,10,4,11,1,1,0,0
"498","E0","18/11/17","Chelsea","West Brom","Away",4,0,"A",3,0,"A","J Moss",11,7,7,2,12,13,4,3,3,2,0,0
"499","E0","19/11/17","West Ham","Watford","Away",0,2,"H",0,1,"H","A Marriner",10,17,6,7,10,13,1,3,4,1,0,0
"500","E0","20/11/17","Stoke","Brighton","Away",2,2,"D",2,1,"A","L Mason",13,9,6,3,5,13,7,6,0,1,0,0
"501","E0","24/11/17","Leicester","West Ham","Away",1,1,"D",1,1,"D","M Atkinson",7,8,2,4,12,9,5,5,1,1,0,0
"502","E0","25/11/17","Stoke","Crystal Palace","Away",1,2,"H",0,0,"D","M Dean",9,10,3,5,5,9,2,5,1,1,0,0
"503","E0","25/11/17","Chelsea","Liverpool","Away",1,1,"D",0,0,"D","M Oliver",11,16,3,4,7,10,8,7,0,0,0,0
"504","E0","25/11/17","Brighton","Man United","Away",0,1,"H",0,0,"D","N Swarbrick",8,15,2,4,9,9,0,5,2,0,0,0
"505","E0","25/11/17","Watford","Newcastle","Away",3,0,"A",2,0,"A","C Kavanagh",12,12,4,2,13,8,3,6,2,1,0,0
"506","E0","25/11/17","Bournemouth","Swansea","Away",0,0,"D",0,0,"D","S Attwell",9,10,5,1,6,18,5,4,2,4,0,0
"507","E0","25/11/17","West Brom","Tottenham","Away",1,1,"D",1,0,"A","M Jones",5,24,2,5,13,10,0,8,4,1,0,0
"508","E0","26/11/17","Arsenal","Burnley","Away",1,0,"A",0,0,"D","L Mason",17,8,2,2,14,8,5,5,0,2,0,0
"509","E0","26/11/17","Man City","Huddersfield","Away",2,1,"A",0,1,"H","C Pawson",14,4,5,0,10,10,7,3,3,2,0,1
"510","E0","26/11/17","Everton","Southampton","Away",1,4,"H",1,1,"D","K Friend",5,17,2,5,13,6,2,7,0,0,0,0
"511","E0","28/11/17","Crystal Palace","Brighton","Away",0,0,"D",0,0,"D","A Marriner",10,10,4,4,8,13,5,10,0,2,0,0
"512","E0","28/11/17","Tottenham","Leicester","Away",1,2,"H",0,2,"H","A Taylor",18,7,6,4,10,7,9,4,2,1,0,0
"513","E0","28/11/17","Man United","Watford","Away",4,2,"A",3,0,"A","J Moss",15,12,7,3,10,12,5,5,1,2,0,0
"514","E0","28/11/17","Newcastle","West Brom","Away",2,2,"D",0,1,"H","L Probert",14,8,4,4,12,13,6,1,0,0,0,0
"515","E0","29/11/17","Huddersfield","Arsenal","Away",0,5,"H",0,1,"H","G Scott",7,21,2,7,12,10,2,7,1,0,0,0
"516","E0","29/11/17","Burnley","Bournemouth","Away",2,1,"A",1,0,"A","R East",10,10,4,2,11,9,6,4,1,0,0,0
"517","E0","29/11/17","Swansea","Chelsea","Away",0,1,"H",0,0,"D","N Swarbrick",2,21,0,10,7,10,1,15,0,1,0,0
"518","E0","29/11/17","West Ham","Everton","Away",0,4,"H",0,2,"H","M Oliver",7,8,3,5,6,16,6,2,1,2,0,0
"519","E0","29/11/17","Southampton","Man City","Away",1,2,"H",0,0,"D","P Tierney",7,26,2,12,11,12,5,6,1,1,0,0
"520","E0","29/11/17","Liverpool","Stoke","Away",3,0,"A",1,0,"A","M Atkinson",14,10,7,1,10,8,9,5,5,1,0,0
"521","E0","02/12/17","Man United","Arsenal","Away",3,1,"A",2,0,"A","A Marriner",8,33,4,15,10,11,1,12,2,3,1,0
"522","E0","02/12/17","Liverpool","Brighton","Away",5,1,"A",2,0,"A","G Scott",12,6,6,2,7,8,2,2,0,1,0,0
"523","E0","02/12/17","Newcastle","Chelsea","Away",1,3,"H",1,2,"H","K Friend",8,23,2,9,13,8,4,11,1,0,0,0
"524","E0","02/12/17","Huddersfield","Everton","Away",0,2,"H",0,0,"D","C Kavanagh",5,6,3,4,9,12,5,2,1,2,0,0
"525","E0","02/12/17","Burnley","Leicester","Away",0,1,"H",0,1,"H","P Tierney",14,16,4,3,11,3,7,10,2,0,0,0
"526","E0","02/12/17","Swansea","Stoke","Away",1,2,"H",1,2,"H","C Pawson",10,10,3,3,10,12,6,2,0,2,0,0
"527","E0","02/12/17","Tottenham","Watford","Away",1,1,"D",1,1,"D","M Atkinson",8,6,2,2,8,16,2,7,1,4,1,0
"528","E0","02/12/17","Crystal Palace","West Brom","Away",0,0,"D",0,0,"D","M Oliver",10,20,2,6,10,11,7,3,1,3,0,0
"529","E0","03/12/17","Southampton","Bournemouth","Away",1,1,"D",0,1,"H","J Moss",15,16,4,5,12,6,4,5,1,2,0,0
"530","E0","03/12/17","West Ham","Man City","Away",1,2,"H",1,0,"A","M Dean",7,24,4,8,7,5,4,10,2,2,0,0
"531","E0","09/12/17","Watford","Burnley","Away",0,1,"H",0,1,"H","L Probert",11,8,2,5,12,10,5,3,0,1,1,0
"532","E0","09/12/17","Bournemouth","Crystal Palace","Away",2,2,"D",2,2,"D","K Friend",11,24,5,8,14,14,3,6,2,5,0,0
"533","E0","09/12/17","Brighton","Huddersfield","Away",0,2,"H",0,2,"H","S Attwell",7,19,2,6,10,6,1,8,0,0,0,0
"534","E0","09/12/17","Leicester","Newcastle","Away",3,2,"A",1,1,"D","N Swarbrick",13,10,5,4,9,10,5,6,1,2,0,0
"535","E0","09/12/17","West Brom","Swansea","Away",0,1,"H",0,0,"D","M Dean",7,18,1,3,18,8,3,6,5,2,0,0
"536","E0","09/12/17","Stoke","Tottenham","Away",1,5,"H",0,1,"H","R East",4,20,3,11,9,12,6,12,0,1,0,0
"537","E0","09/12/17","Chelsea","West Ham","Away",0,1,"H",0,1,"H","A Taylor",19,5,2,2,10,10,3,4,1,6,0,0
"538","E0","10/12/17","Everton","Liverpool","Away",1,1,"D",0,1,"H","C Pawson",3,23,2,3,11,8,1,12,3,1,0,0
"539","E0","10/12/17","Man City","Man United","Away",2,1,"A",1,1,"D","M Oliver",14,8,7,5,10,16,8,2,2,4,0,0
"540","E0","10/12/17","Arsenal","Southampton","Away",1,1,"D",0,1,"H","R Madley",11,6,6,3,10,12,5,4,2,2,0,0
"541","E0","12/12/17","Stoke","Burnley","Away",0,1,"H",0,0,"D","M Jones",14,10,7,2,14,6,4,6,0,0,0,0
"542","E0","12/12/17","Watford","Crystal Palace","Away",1,2,"H",1,0,"A","L Mason",7,14,2,4,18,14,6,4,1,2,1,0
"543","E0","12/12/17","Chelsea","Huddersfield","Away",3,1,"A",2,0,"A","A Marriner",12,7,5,2,4,11,3,1,0,0,0,0
"544","E0","13/12/17","West Brom","Liverpool","Away",0,0,"D",0,0,"D","P Tierney",6,14,1,5,6,16,7,5,0,1,0,0
"545","E0","13/12/17","Bournemouth","Man United","Away",0,1,"H",0,1,"H","G Scott",14,9,7,2,12,14,9,4,2,1,0,0
"546","E0","13/12/17","Everton","Newcastle","Away",1,0,"A",1,0,"A","M Atkinson",7,16,4,4,11,10,1,4,2,1,0,1
"547","E0","13/12/17","Leicester","Southampton","Away",4,1,"A",3,0,"A","C Kavanagh",16,12,11,4,9,13,9,9,0,1,0,0
"548","E0","13/12/17","Man City","Swansea","Away",4,0,"A",2,0,"A","A Taylor",23,7,10,3,6,12,5,2,0,0,0,0
"549","E0","13/12/17","Brighton","Tottenham","Away",0,2,"H",0,1,"H","R Madley",7,25,4,8,10,5,2,10,1,1,0,0
"550","E0","13/12/17","Arsenal","West Ham","Away",0,0,"D",0,0,"D","J Moss",22,6,3,0,9,9,7,1,0,1,0,0
"551","E0","16/12/17","Newcastle","Arsenal","Away",0,1,"H",0,1,"H","S Attwell",10,23,2,5,9,13,5,7,1,2,0,0
"552","E0","16/12/17","Burnley","Brighton","Away",0,0,"D",0,0,"D","C Kavanagh",11,12,6,2,13,13,2,8,2,4,0,0
"553","E0","16/12/17","Southampton","Chelsea","Away",0,1,"H",0,1,"H","R East",6,24,2,8,16,8,4,8,3,1,0,0
"554","E0","16/12/17","Crystal Palace","Leicester","Away",3,0,"A",2,0,"A","M Atkinson",13,11,6,2,13,12,4,6,2,2,0,1
"555","E0","16/12/17","Tottenham","Man City","Away",1,4,"H",0,1,"H","C Pawson",7,20,2,11,20,13,1,5,4,2,0,0
"556","E0","16/12/17","West Ham","Stoke","Away",3,0,"A",1,0,"A","G Scott",14,17,7,0,13,12,9,7,1,2,0,0
"557","E0","16/12/17","Huddersfield","Watford","Away",4,1,"A",2,0,"A","M Oliver",15,13,9,3,17,12,7,8,1,2,1,1
"558","E0","17/12/17","Liverpool","Bournemouth","Away",4,0,"A",3,0,"A","A Marriner",21,6,7,2,10,5,3,2,1,1,0,0
"559","E0","17/12/17","Man United","West Brom","Away",2,1,"A",2,0,"A","A Taylor",8,12,3,5,7,14,3,6,3,1,0,0
"560","E0","18/12/17","Swansea","Everton","Away",1,3,"H",1,1,"D","J Moss",8,12,3,7,12,12,3,6,3,2,0,0
"561","E0","22/12/17","Liverpool","Arsenal","Away",3,3,"D",1,0,"A","M Atkinson",14,11,9,4,11,9,8,7,0,1,0,0
"562","E0","23/12/17","Watford","Brighton","Away",0,1,"H",0,0,"D","P Tierney",13,14,1,3,11,8,4,6,0,0,0,0
"563","E0","23/12/17","Tottenham","Burnley","Away",3,0,"A",1,0,"A","M Oliver",18,5,8,2,10,10,4,4,2,1,0,0
"564","E0","23/12/17","Chelsea","Everton","Away",0,0,"D",0,0,"D","R Madley",25,5,8,0,4,8,7,2,0,3,0,0
"565","E0","23/12/17","Man United","Leicester","Away",2,2,"D",1,1,"D","J Moss",19,11,6,3,8,19,6,4,2,2,0,1
"566","E0","23/12/17","Bournemouth","Man City","Away",0,4,"H",0,1,"H","M Jones",5,14,1,5,7,8,6,4,1,0,0,0
"567","E0","23/12/17","Huddersfield","Southampton","Away",1,1,"D",0,1,"H","L Probert",10,12,3,6,9,16,1,9,1,2,0,0
"568","E0","23/12/17","West Brom","Stoke","Away",1,3,"H",0,2,"H","N Swarbrick",17,9,7,5,11,9,11,1,0,1,0,0
"569","E0","23/12/17","Crystal Palace","Swansea","Away",1,1,"D",0,0,"D","C Pawson",13,7,5,2,11,13,3,6,3,2,0,0
"570","E0","23/12/17","Newcastle","West Ham","Away",3,2,"A",1,1,"D","L Mason",11,19,4,6,12,9,3,6,1,1,0,0
"571","E0","26/12/17","West Ham","Bournemouth","Away",3,3,"D",1,1,"D","S Attwell",10,26,5,10,14,12,4,7,4,3,0,0
"572","E0","26/12/17","Brighton","Chelsea","Away",0,2,"H",0,0,"D","M Dean",8,25,1,8,8,8,1,13,1,0,0,0
"573","E0","26/12/17","Stoke","Huddersfield","Away",1,1,"D",0,1,"H","A Taylor",15,18,7,8,12,9,5,8,4,2,0,0
"574","E0","26/12/17","Swansea","Liverpool","Away",0,5,"H",0,1,"H","K Friend",7,22,4,9,8,5,2,4,1,0,0,0
"575","E0","26/12/17","Burnley","Man United","Away",2,2,"D",2,0,"A","M Atkinson",3,23,2,6,14,10,2,12,7,3,0,0
"576","E0","26/12/17","Southampton","Tottenham","Away",2,5,"H",0,2,"H","G Scott",16,16,6,7,15,8,8,3,2,0,0,0
"577","E0","26/12/17","Leicester","Watford","Away",1,2,"H",1,1,"D","C Kavanagh",11,11,5,1,13,7,8,8,3,3,0,0
"578","E0","26/12/17","Everton","West Brom","Away",0,0,"D",0,0,"D","R East",7,17,3,3,13,14,2,10,0,2,0,0
"579","E0","27/12/17","Man City","Newcastle","Away",1,0,"A",1,0,"A","A Marriner",22,6,6,2,6,11,8,3,0,1,0,0
"580","E0","28/12/17","Arsenal","Crystal Palace","Away",3,2,"A",1,0,"A","M Oliver",16,16,9,2,7,12,4,5,1,0,0,0
"581","E0","30/12/17","Everton","Bournemouth","Away",1,2,"H",0,1,"H","L Probert",6,19,1,7,13,8,4,4,0,0,0,0
"582","E0","30/12/17","Stoke","Chelsea","Away",0,5,"H",0,3,"H","K Friend",1,21,1,12,10,5,0,7,1,1,0,0
"583","E0","30/12/17","Burnley","Huddersfield","Away",0,0,"D",0,0,"D","P Tierney",11,3,4,1,14,14,4,5,1,2,0,0
"584","E0","30/12/17","Leicester","Liverpool","Away",1,2,"H",1,0,"A","N Swarbrick",7,17,1,6,3,7,1,7,2,3,0,0
"585","E0","30/12/17","Southampton","Man United","Away",0,0,"D",0,0,"D","C Pawson",8,15,3,3,13,12,7,10,4,2,0,0
"586","E0","30/12/17","Brighton","Newcastle","Away",0,0,"D",0,0,"D","A Taylor",10,11,3,2,10,11,6,3,2,2,0,0
"587","E0","30/12/17","Swansea","Watford","Away",2,1,"A",0,1,"H","M Atkinson",9,9,4,4,13,14,8,1,2,4,0,0
"588","E0","31/12/17","Man City","Crystal Palace","Away",0,0,"D",0,0,"D","J Moss",15,10,4,1,11,14,8,7,4,5,0,0
"589","E0","31/12/17","Arsenal","West Brom","Away",1,1,"D",0,0,"D","M Dean",14,14,4,3,9,14,6,5,3,3,0,0
"590","E0","01/01/18","Bournemouth","Brighton","Away",2,2,"D",1,1,"D","M Oliver",26,15,8,6,9,13,12,5,1,2,0,0
"591","E0","01/01/18","Liverpool","Burnley","Away",2,1,"A",0,0,"D","R East",19,13,5,4,12,4,9,3,0,0,0,0
"592","E0","01/01/18","Man United","Everton","Away",2,0,"A",0,0,"D","A Marriner",21,12,6,0,10,11,6,6,0,2,0,0
"593","E0","01/01/18","Huddersfield","Leicester","Away",0,3,"H",0,0,"D","G Scott",6,11,1,5,9,7,1,4,1,1,0,0
"594","E0","01/01/18","Newcastle","Stoke","Away",1,0,"A",0,0,"D","C Kavanagh",14,11,6,4,11,10,5,10,1,3,0,0
"595","E0","02/01/18","Watford","Man City","Away",1,3,"H",0,2,"H","L Mason",7,17,4,7,12,8,1,9,1,1,0,0
"596","E0","02/01/18","Crystal Palace","Southampton","Away",2,1,"A",0,1,"H","S Attwell",11,10,4,3,11,8,7,4,1,0,0,0
"597","E0","02/01/18","Tottenham","Swansea","Away",2,0,"A",1,0,"A","R Madley",12,8,5,1,9,12,5,6,2,2,0,0
"598","E0","02/01/18","West Brom","West Ham","Away",1,2,"H",1,0,"A","M Jones",10,13,3,5,12,12,4,3,2,3,0,0
"599","E0","03/01/18","Chelsea","Arsenal","Away",2,2,"D",0,0,"D","A Taylor",19,14,6,6,11,11,8,10,2,3,0,0
"600","E0","04/01/18","West Ham","Tottenham","Away",1,1,"D",0,0,"D","M Dean",3,31,1,8,6,10,1,7,2,0,0,0
"601","E0","13/01/18","Leicester","Chelsea","Away",0,0,"D",0,0,"D","M Jones",14,17,1,7,13,14,3,6,2,2,1,0
"602","E0","13/01/18","Burnley","Crystal Palace","Away",0,1,"H",0,1,"H","M Oliver",8,17,2,2,10,16,2,3,3,0,0,0
"603","E0","13/01/18","West Ham","Huddersfield","Away",4,1,"A",1,1,"D","J Moss",8,8,6,2,9,7,3,7,1,1,0,0
"604","E0","13/01/18","Swansea","Newcastle","Away",1,1,"D",0,0,"D","G Scott",8,12,5,4,10,11,5,4,3,0,0,0
"605","E0","13/01/18","Everton","Tottenham","Away",0,4,"H",0,1,"H","C Pawson",7,20,0,10,15,11,3,3,2,0,0,0
"606","E0","13/01/18","Southampton","Watford","Away",2,2,"D",2,0,"A","R East",10,16,4,4,13,11,4,5,5,0,0,0
"607","E0","13/01/18","Brighton","West Brom","Away",0,2,"H",0,1,"H","M Atkinson",13,15,1,4,15,8,6,9,0,0,0,0
"608","E0","14/01/18","Arsenal","Bournemouth","Away",1,2,"H",0,0,"D","K Friend",12,13,3,5,10,8,5,4,2,2,0,0
"609","E0","14/01/18","Man City","Liverpool","Away",3,4,"H",1,1,"D","A Marriner",11,16,4,7,7,10,6,5,3,2,0,0
"610","E0","15/01/18","Stoke","Man United","Away",0,3,"H",0,2,"H","A Taylor",11,20,5,9,10,14,1,6,1,2,0,0
"611","E0","20/01/18","Crystal Palace","Arsenal","Away",1,4,"H",0,4,"H","C Kavanagh",9,16,5,10,8,6,10,5,0,0,0,0
"612","E0","20/01/18","Chelsea","Brighton","Away",4,0,"A",2,0,"A","J Moss",14,10,10,3,5,12,3,5,0,3,0,0
"613","E0","20/01/18","Man United","Burnley","Away",1,0,"A",0,0,"D","M Dean",12,13,2,2,12,7,4,5,3,3,0,0
"614","E0","20/01/18","West Brom","Everton","Away",1,1,"D",1,0,"A","S Attwell",15,9,5,4,10,15,3,0,1,2,0,0
"615","E0","20/01/18","Watford","Leicester","Away",0,2,"H",0,1,"H","L Probert",11,9,3,5,10,11,5,4,0,0,0,0
"616","E0","20/01/18","Newcastle","Man City","Away",1,3,"H",0,1,"H","P Tierney",6,21,4,9,10,5,0,18,1,0,0,0
"617","E0","20/01/18","Huddersfield","Stoke","Away",0,2,"H",0,0,"D","M Oliver",6,11,3,6,13,18,2,3,1,1,0,0
"618","E0","20/01/18","Bournemouth","West Ham","Away",1,1,"D",0,0,"D","M Atkinson",8,12,3,4,7,8,3,6,1,3,0,0
"619","E0","21/01/18","Tottenham","Southampton","Away",1,1,"D",1,1,"D","K Friend",17,10,2,4,15,8,9,2,3,2,0,0
"620","E0","22/01/18","Liverpool","Swansea","Away",0,1,"H",0,1,"H","N Swarbrick",21,3,4,2,9,5,9,3,2,0,0,0
"621","E0","30/01/18","Liverpool","Huddersfield","Away",3,0,"A",2,0,"A","K Friend",14,5,7,1,8,8,4,1,0,0,0,0
"622","E0","30/01/18","Arsenal","Swansea","Away",1,3,"H",1,1,"D","L Mason",9,12,4,4,8,4,3,4,3,0,0,0
"623","E0","30/01/18","Crystal Palace","West Ham","Away",1,1,"D",1,1,"D","N Swarbrick",9,8,3,3,15,11,3,5,3,1,0,0
"624","E0","31/01/18","Bournemouth","Chelsea","Away",3,0,"A",0,0,"D","L Probert",11,21,5,5,12,5,5,8,0,1,0,0
"625","E0","31/01/18","Leicester","Everton","Away",1,2,"H",0,2,"H","C Kavanagh",8,9,1,4,10,9,5,5,2,0,0,0
"626","E0","31/01/18","West Brom","Man City","Away",0,3,"H",0,1,"H","R Madley",3,19,1,10,10,10,1,9,3,1,0,0
"627","E0","31/01/18","Burnley","Newcastle","Away",1,1,"D",0,0,"D","S Hooper",11,14,2,4,15,15,4,7,2,1,0,0
"628","E0","31/01/18","Brighton","Southampton","Away",1,1,"D",1,0,"A","M Dean",9,18,2,3,10,8,2,7,1,3,0,0
"629","E0","31/01/18","Watford","Stoke","Away",0,0,"D",0,0,"D","J Moss",12,11,2,4,12,12,6,2,3,4,0,0
"630","E0","31/01/18","Man United","Tottenham","Away",0,2,"H",0,2,"H","A Marriner",6,22,3,6,13,10,3,6,2,2,0,0
"631","E0","03/02/18","Everton","Arsenal","Away",1,5,"H",0,4,"H","N Swarbrick",11,15,2,7,8,8,6,4,0,2,0,0
"632","E0","03/02/18","Stoke","Bournemouth","Away",1,2,"H",1,0,"A","P Tierney",13,15,4,8,19,14,1,8,3,2,0,0
"633","E0","03/02/18","West Ham","Brighton","Away",1,3,"H",1,1,"D","R East",4,21,1,5,7,11,1,4,1,3,0,0
"634","E0","03/02/18","Man City","Burnley","Away",1,1,"D",1,0,"A","M Atkinson",20,8,7,3,6,9,13,3,1,4,0,0
"635","E0","03/02/18","Swansea","Leicester","Away",1,1,"D",0,1,"H","A Taylor",3,13,1,5,8,9,3,3,0,1,0,0
"636","E0","03/02/18","Huddersfield","Man United","Away",0,2,"H",0,0,"D","S Attwell",4,16,0,7,19,5,2,5,4,2,0,0
"637","E0","03/02/18","Southampton","West Brom","Away",3,2,"A",2,1,"A","M Oliver",13,9,5,3,10,12,7,5,1,2,0,0
"638","E0","04/02/18","Newcastle","Crystal Palace","Away",1,1,"D",1,0,"A","A Marriner",11,21,8,6,8,11,6,5,1,1,0,0
"639","E0","04/02/18","Tottenham","Liverpool","Away",2,2,"D",0,1,"H","J Moss",13,9,6,3,9,15,7,3,1,3,0,0
"640","E0","05/02/18","Chelsea","Watford","Away",1,4,"H",0,1,"H","M Dean",7,21,3,8,8,11,2,6,2,2,1,0
"641","E0","10/02/18","Crystal Palace","Everton","Away",1,3,"H",0,0,"D","J Moss",16,11,4,5,15,14,7,8,1,1,0,0
"642","E0","10/02/18","Leicester","Man City","Away",1,5,"H",1,1,"D","M Jones",2,19,2,11,12,10,2,8,3,2,0,0
"643","E0","10/02/18","Brighton","Stoke","Away",1,1,"D",1,0,"A","R Madley",14,15,6,3,10,6,4,7,0,0,0,0
"644","E0","10/02/18","Burnley","Swansea","Away",0,1,"H",0,0,"D","A Marriner",13,12,1,4,9,10,2,5,1,2,0,0
"645","E0","10/02/18","Arsenal","Tottenham","Away",0,1,"H",0,0,"D","A Taylor",6,18,1,6,9,13,2,10,1,2,0,0
"646","E0","10/02/18","Watford","West Ham","Away",0,2,"H",0,1,"H","G Scott",11,8,4,4,7,11,7,8,1,1,0,0
"647","E0","11/02/18","Bournemouth","Huddersfield","Away",1,4,"H",1,2,"H","M Oliver",7,15,2,4,12,12,6,2,3,0,0,0
"648","E0","11/02/18","Man United","Newcastle","Away",0,1,"H",0,0,"D","C Pawson",13,10,6,3,15,12,10,0,2,0,0,0
"649","E0","11/02/18","Liverpool","Southampton","Away",2,0,"A",2,0,"A","M Atkinson",16,6,4,4,8,5,1,3,2,1,0,0
"650","E0","12/02/18","West Brom","Chelsea","Away",0,3,"H",0,1,"H","L Mason",8,20,1,8,11,11,7,8,2,0,0,0
"651","E0","24/02/18","Newcastle","Bournemouth","Away",2,2,"D",2,0,"A","R East",15,18,4,5,10,12,1,8,4,1,0,0
"652","E0","24/02/18","Swansea","Brighton","Away",1,4,"H",0,1,"H","M Dean",11,16,1,5,6,17,5,3,0,1,0,0
"653","E0","24/02/18","Southampton","Burnley","Away",1,1,"D",0,0,"D","R Madley",13,9,6,3,14,8,5,7,0,1,0,0
"654","E0","24/02/18","Stoke","Leicester","Away",1,1,"D",1,0,"A","M Oliver",6,19,2,9,16,10,1,13,3,1,0,0
"655","E0","24/02/18","West Ham","Liverpool","Away",1,4,"H",0,1,"H","S Attwell",7,21,4,12,7,7,2,8,2,0,0,0
"656","E0","24/02/18","Everton","Watford","Away",0,1,"H",0,0,"D","A Taylor",7,13,2,5,9,10,5,6,1,3,0,0
"657","E0","24/02/18","Huddersfield","West Brom","Away",2,1,"A",0,0,"D","J Moss",16,10,7,3,9,11,3,6,1,1,0,0
"658","E0","25/02/18","Tottenham","Crystal Palace","Away",1,0,"A",0,0,"D","K Friend",14,5,4,3,5,12,13,2,1,0,0,0
"659","E0","25/02/18","Chelsea","Man United","Away",1,2,"H",1,1,"D","M Atkinson",14,10,7,5,12,13,4,3,2,2,0,0
"660","E0","01/03/18","Man City","Arsenal","Away",3,0,"A",3,0,"A","A Marriner",9,10,5,5,11,11,1,6,1,1,0,0
"661","E0","03/03/18","Everton","Burnley","Away",1,2,"H",1,0,"A","C Kavanagh",10,21,4,8,12,9,4,10,1,1,1,0
"662","E0","03/03/18","Bournemouth","Leicester","Away",1,1,"D",1,0,"A","L Probert",8,23,3,4,7,11,1,13,1,2,0,0
"663","E0","03/03/18","Newcastle","Liverpool","Away",0,2,"H",0,1,"H","G Scott",7,14,2,3,9,7,3,8,0,0,0,0
"664","E0","03/03/18","Stoke","Southampton","Away",0,0,"D",0,0,"D","A Taylor",12,18,3,6,13,8,4,15,1,0,0,0
"665","E0","03/03/18","West Ham","Swansea","Away",1,4,"H",0,2,"H","M Atkinson",7,9,2,8,14,9,5,4,3,0,0,0
"666","E0","03/03/18","Huddersfield","Tottenham","Away",0,2,"H",0,1,"H","K Friend",3,15,3,7,8,6,1,8,1,1,0,0
"667","E0","03/03/18","West Brom","Watford","Away",0,1,"H",0,0,"D","P Tierney",9,15,2,4,12,11,6,4,0,2,0,0
"668","E0","04/03/18","Arsenal","Brighton","Away",1,2,"H",1,2,"H","S Attwell",15,13,7,6,12,13,11,6,3,3,0,0
"669","E0","04/03/18","Chelsea","Man City","Away",0,1,"H",0,0,"D","M Oliver",3,13,0,3,9,8,2,5,1,2,0,0
"670","E0","05/03/18","Man United","Crystal Palace","Away",3,2,"A",0,1,"H","N Swarbrick",17,10,8,4,8,10,7,3,3,1,0,0
"671","E0","10/03/18","Crystal Palace","Chelsea","Away",1,2,"H",0,2,"H","A Taylor",9,27,2,11,9,8,3,12,2,1,0,0
"672","E0","10/03/18","Brighton","Everton","Away",0,2,"H",0,0,"D","R East",10,13,4,3,14,10,3,10,1,0,1,0
"673","E0","10/03/18","Swansea","Huddersfield","Away",0,0,"D",0,0,"D","M Oliver",0,30,0,4,9,9,0,12,3,2,1,0
"674","E0","10/03/18","Liverpool","Man United","Away",1,2,"H",0,2,"H","C Pawson",14,5,2,2,16,10,13,1,1,2,0,0
"675","E0","10/03/18","Southampton","Newcastle","Away",0,3,"H",0,2,"H","A Marriner",6,7,2,5,10,10,6,2,2,0,0,0
"676","E0","10/03/18","Leicester","West Brom","Away",4,1,"A",1,1,"D","R Madley",14,6,6,2,7,6,6,7,3,1,0,0
"677","E0","10/03/18","Burnley","West Ham","Away",3,0,"A",0,0,"D","L Mason",7,13,4,4,7,13,1,5,2,2,0,0
"678","E0","11/03/18","Watford","Arsenal","Away",0,3,"H",0,1,"H","M Atkinson",11,11,4,7,9,12,9,4,1,2,0,0
"679","E0","11/03/18","Tottenham","Bournemouth","Away",4,1,"A",1,1,"D","M Dean",12,14,8,3,7,10,5,4,1,1,0,0
"680","E0","12/03/18","Man City","Stoke","Away",2,0,"A",1,0,"A","J Moss",17,3,6,0,8,6,10,3,0,1,0,0
"681","E0","17/03/18","West Brom","Bournemouth","Away",1,2,"H",0,0,"D","G Scott",11,17,6,5,9,6,2,3,2,1,0,0
"682","E0","17/03/18","Crystal Palace","Huddersfield","Away",2,0,"A",1,0,"A","M Dean",17,6,6,2,12,11,7,4,2,3,0,0
"683","E0","17/03/18","Watford","Liverpool","Away",0,5,"H",0,2,"H","A Taylor",4,13,1,10,4,5,1,6,0,1,0,0
"684","E0","17/03/18","Everton","Stoke","Away",2,1,"A",0,0,"D","M Atkinson",17,9,9,4,12,13,9,1,1,1,0,1
"685","E0","31/03/18","Leicester","Brighton","Away",2,0,"A",0,0,"D","C Kavanagh",6,15,4,3,13,11,1,6,4,2,1,0
"686","E0","31/03/18","Liverpool","Crystal Palace","Away",2,1,"A",0,1,"H","N Swarbrick",16,6,6,3,8,6,6,4,2,2,0,0
"687","E0","31/03/18","Man City","Everton","Away",3,1,"A",3,0,"A","P Tierney",18,6,4,2,8,10,11,2,0,0,0,0
"688","E0","31/03/18","Swansea","Man United","Away",0,2,"H",0,2,"H","R Madley",3,11,2,5,13,5,3,3,0,0,0,0
"689","E0","31/03/18","Huddersfield","Newcastle","Away",0,1,"H",0,0,"D","M Atkinson",4,18,0,3,10,9,3,3,4,1,0,0
"690","E0","31/03/18","Bournemouth","Watford","Away",2,2,"D",1,1,"D","A Marriner",13,16,6,5,6,16,4,7,0,4,0,0
"691","E0","31/03/18","Burnley","West Brom","Away",2,1,"A",1,0,"A","L Probert",11,8,4,3,9,12,6,1,3,1,0,0
"692","E0","31/03/18","Southampton","West Ham","Away",0,3,"H",0,3,"H","J Moss",9,13,0,5,16,9,9,5,3,0,0,0
"693","E0","01/04/18","Stoke","Arsenal","Away",0,3,"H",0,0,"D","C Pawson",8,24,2,11,13,9,5,6,2,1,0,0
"694","E0","01/04/18","Tottenham","Chelsea","Away",3,1,"A",1,1,"D","A Marriner",12,14,7,4,11,4,5,5,1,0,0,0
"695","E0","07/04/18","Crystal Palace","Bournemouth","Away",2,2,"D",0,0,"D","J Moss",13,20,6,5,9,8,3,11,2,2,0,0
"696","E0","07/04/18","Huddersfield","Brighton","Away",1,1,"D",1,1,"D","A Taylor",14,13,5,4,7,13,3,5,0,1,0,1
"697","E0","07/04/18","Liverpool","Everton","Away",0,0,"D",0,0,"D","M Oliver",10,6,3,1,7,12,2,3,0,0,0,0
"698","E0","07/04/18","Newcastle","Leicester","Away",2,1,"A",1,0,"A","S Attwell",8,8,4,1,14,7,5,7,3,1,0,0
"699","E0","07/04/18","Man United","Man City","Away",3,2,"A",0,2,"H","M Atkinson",5,20,4,6,9,17,4,8,3,6,0,0
"700","E0","07/04/18","Tottenham","Stoke","Away",2,1,"A",0,0,"D","G Scott",15,10,4,4,8,19,3,6,3,4,0,0
"701","E0","07/04/18","Burnley","Watford","Away",2,1,"A",0,0,"D","P Tierney",7,14,4,5,12,18,1,11,2,2,0,0
"702","E0","07/04/18","Swansea","West Brom","Away",1,1,"D",0,0,"D","R East",7,15,1,3,5,15,1,5,2,3,0,0
"703","E0","08/04/18","Southampton","Arsenal","Away",2,3,"H",1,2,"H","A Marriner",15,13,8,7,7,11,6,8,1,2,1,1
"704","E0","08/04/18","West Ham","Chelsea","Away",1,1,"D",0,1,"H","K Friend",5,23,2,6,11,7,6,10,1,0,0,0
"705","E0","14/04/18","Leicester","Burnley","Away",1,2,"H",0,2,"H","M Atkinson",15,8,6,3,10,9,8,4,1,2,0,0
"706","E0","14/04/18","Brighton","Crystal Palace","Away",2,3,"H",2,3,"H","A Marriner",12,15,3,8,16,12,6,5,2,3,0,0
"707","E0","14/04/18","Watford","Huddersfield","Away",0,1,"H",0,0,"D","C Pawson",4,9,2,1,8,9,6,9,2,2,0,0
"708","E0","14/04/18","Bournemouth","Liverpool","Away",0,3,"H",0,1,"H","C Kavanagh",6,20,1,7,9,9,5,7,1,1,0,0
"709","E0","14/04/18","Chelsea","Southampton","Away",3,2,"A",0,1,"H","M Dean",17,10,5,7,14,13,7,4,3,5,0,0
"710","E0","14/04/18","Everton","Swansea","Away",1,1,"D",1,0,"A","L Mason",12,17,3,7,11,10,3,6,1,1,0,0
"711","E0","14/04/18","Man City","Tottenham","Away",3,1,"A",2,1,"A","J Moss",17,8,6,3,12,11,7,5,4,3,0,0
"712","E0","15/04/18","West Brom","Man United","Away",1,0,"A",0,0,"D","P Tierney",10,14,4,4,13,8,4,4,1,1,0,0
"713","E0","15/04/18","Arsenal","Newcastle","Away",1,2,"H",1,1,"D","A Taylor",15,8,3,4,9,11,5,2,0,1,0,0
"714","E0","16/04/18","Stoke","West Ham","Away",1,1,"D",0,0,"D","M Oliver",11,18,7,6,21,15,1,10,3,2,0,0
"715","E0","17/04/18","Tottenham","Brighton","Away",1,1,"D",0,0,"D","K Friend",16,8,6,5,5,6,4,3,0,1,0,0
"716","E0","18/04/18","Man United","Bournemouth","Away",2,0,"A",1,0,"A","G Scott",13,13,4,2,8,9,5,8,1,3,0,0
"717","E0","19/04/18","Chelsea","Burnley","Away",2,1,"A",1,0,"A","R Madley",16,5,5,2,11,9,2,3,0,1,0,0
"718","E0","19/04/18","Southampton","Leicester","Away",0,0,"D",0,0,"D","R East",6,11,2,3,10,10,3,11,0,0,0,0
"719","E0","21/04/18","Crystal Palace","Watford","Away",0,0,"D",0,0,"D","C Kavanagh",6,14,1,4,13,17,3,4,5,3,0,0
"720","E0","21/04/18","Liverpool","West Brom","Away",2,2,"D",1,0,"A","S Attwell",9,13,3,6,5,12,4,7,1,0,0,0
"721","E0","22/04/18","West Ham","Arsenal","Away",1,4,"H",0,0,"D","L Mason",11,20,4,8,9,11,6,8,2,3,0,0
"722","E0","22/04/18","Swansea","Man City","Away",0,5,"H",0,2,"H","C Pawson",4,19,1,12,8,6,1,5,1,0,0,0
"723","E0","22/04/18","Burnley","Stoke","Away",1,1,"D",0,1,"H","M Dean",16,8,7,3,5,15,8,3,1,2,0,0
"724","E0","23/04/18","Newcastle","Everton","Away",0,1,"H",0,0,"D","R Madley",9,9,2,1,11,10,6,4,1,2,0,0
"725","E0","28/04/18","Brighton","Burnley","Away",0,0,"D",0,0,"D","R East",9,10,1,4,17,5,4,3,2,0,0,0
"726","E0","28/04/18","Leicester","Crystal Palace","Away",0,5,"H",0,2,"H","M Dean",6,15,1,9,9,11,2,8,1,1,1,0
"727","E0","28/04/18","Everton","Huddersfield","Away",2,0,"A",1,0,"A","L Probert",7,9,5,2,8,9,3,4,0,1,0,0
"728","E0","28/04/18","Stoke","Liverpool","Away",0,0,"D",0,0,"D","A Marriner",5,20,1,2,14,7,2,9,2,1,0,0
"729","E0","28/04/18","West Brom","Newcastle","Away",1,0,"A",1,0,"A","D Coote",9,17,2,2,13,8,1,5,3,1,0,0
"730","E0","28/04/18","Bournemouth","Southampton","Away",1,2,"H",1,1,"D","A Taylor",14,14,7,6,11,12,8,5,1,5,0,0
"731","E0","28/04/18","Chelsea","Swansea","Away",1,0,"A",1,0,"A","J Moss",11,10,3,3,9,13,2,1,1,1,0,0
"732","E0","29/04/18","Arsenal","Man United","Away",1,2,"H",0,1,"H","K Friend",8,17,3,3,7,12,0,9,1,0,0,0
"733","E0","29/04/18","Man City","West Ham","Away",4,1,"A",2,1,"A","N Swarbrick",19,4,7,1,11,5,7,0,1,0,0,0
"734","E0","30/04/18","Watford","Tottenham","Away",0,2,"H",0,1,"H","M Oliver",13,13,5,3,10,11,0,4,0,1,0,0
"735","E0","04/05/18","Man United","Brighton","Away",0,1,"H",0,0,"D","C Pawson",16,11,3,4,3,5,6,5,0,2,0,0
"736","E0","05/05/18","Swansea","Bournemouth","Away",0,1,"H",0,1,"H","K Friend",12,13,3,5,10,10,6,11,4,1,0,0
"737","E0","05/05/18","Southampton","Everton","Away",1,1,"D",0,0,"D","J Moss",11,9,5,3,12,14,4,3,4,2,1,0
"738","E0","05/05/18","West Ham","Leicester","Away",2,0,"A",1,0,"A","C Kavanagh",13,13,3,2,9,8,3,8,2,1,0,0
"739","E0","05/05/18","Crystal Palace","Stoke","Away",2,1,"A",0,1,"H","M Atkinson",13,7,2,2,12,18,7,1,2,5,0,0
"740","E0","05/05/18","Newcastle","Watford","Away",1,2,"H",0,2,"H","R East",9,11,1,8,11,9,5,2,1,2,0,0
"741","E0","05/05/18","Tottenham","West Brom","Away",0,1,"H",0,0,"D","M Jones",18,9,5,1,12,13,9,5,1,4,0,0
"742","E0","06/05/18","Burnley","Arsenal","Away",0,5,"H",0,2,"H","A Marriner",6,16,2,8,7,6,5,4,1,0,0,0
"743","E0","06/05/18","Liverpool","Chelsea","Away",0,1,"H",0,1,"H","A Taylor",10,12,5,4,9,12,1,3,2,3,0,0
"744","E0","06/05/18","Huddersfield","Man City","Away",0,0,"D",0,0,"D","M Dean",5,15,3,2,4,9,1,10,3,0,0,0
"745","E0","08/05/18","Southampton","Swansea","Away",1,0,"A",0,0,"D","M Oliver",13,11,8,3,15,7,6,7,1,2,0,0
"746","E0","09/05/18","Huddersfield","Chelsea","Away",1,1,"D",0,0,"D","L Mason",3,22,2,5,10,7,0,9,1,0,0,0
"747","E0","09/05/18","Arsenal","Leicester","Away",1,3,"H",0,1,"H","G Scott",14,19,7,10,12,7,6,6,2,2,1,0
"748","E0","09/05/18","Brighton","Man City","Away",1,3,"H",1,2,"H","P Tierney",6,19,3,7,7,5,3,4,1,0,0,0
"749","E0","09/05/18","Newcastle","Tottenham","Away",0,1,"H",0,0,"D","N Swarbrick",14,11,3,7,8,10,4,6,3,2,0,0
"750","E0","10/05/18","Man United","West Ham","Away",0,0,"D",0,0,"D","J Moss",16,9,6,2,12,12,6,1,1,1,0,0
"751","E0","13/05/18","Bournemouth","Burnley","Away",2,1,"A",0,1,"H","P Tierney",16,12,5,4,9,14,8,7,0,0,0,0
"752","E0","13/05/18","West Brom","Crystal Palace","Away",0,2,"H",0,0,"D","J Moss",7,11,1,5,11,10,2,4,3,2,0,0
"753","E0","13/05/18","Arsenal","Huddersfield","Away",1,0,"A",1,0,"A","M Oliver",9,18,4,3,7,11,4,7,0,1,0,0
"754","E0","13/05/18","Brighton","Liverpool","Away",0,4,"H",0,2,"H","K Friend",2,22,1,11,6,3,3,7,0,0,0,0
"755","E0","13/05/18","Watford","Man United","Away",0,1,"H",0,1,"H","L Mason",7,7,3,1,11,6,5,6,0,4,0,0
"756","E0","13/05/18","Chelsea","Newcastle","Away",0,3,"H",0,1,"H","M Atkinson",6,16,2,6,10,11,2,4,1,0,0,0
"757","E0","13/05/18","Man City","Southampton","Away",1,0,"A",0,0,"D","A Marriner",13,8,2,3,10,8,12,1,1,3,0,0
"758","E0","13/05/18","Stoke","Swansea","Away",2,1,"A",2,1,"A","A Taylor",8,26,5,11,9,12,0,6,2,1,0,0
"759","E0","13/05/18","Leicester","Tottenham","Away",4,5,"H",2,1,"A","C Pawson",16,14,9,6,13,9,4,4,2,1,0,0
"760","E0","13/05/18","Everton","West Ham","Away",1,3,"H",0,1,"H","G Scott",14,15,7,4,13,10,6,6,1,0,0,0
